CREATE DATABASE  IF NOT EXISTS `flightreservationdbs` /*!40100 DEFAULT CHARACTER SET utf8mb4 COLLATE utf8mb4_0900_ai_ci */ /*!80016 DEFAULT ENCRYPTION='N' */;
USE `flightreservationdbs`;
-- MySQL dump 10.13  Distrib 8.0.22, for Win64 (x86_64)
--
-- Host: localhost    Database: flightreservationdbs
-- ------------------------------------------------------
-- Server version	8.0.22

/*!40101 SET @OLD_CHARACTER_SET_CLIENT=@@CHARACTER_SET_CLIENT */;
/*!40101 SET @OLD_CHARACTER_SET_RESULTS=@@CHARACTER_SET_RESULTS */;
/*!40101 SET @OLD_COLLATION_CONNECTION=@@COLLATION_CONNECTION */;
/*!50503 SET NAMES utf8 */;
/*!40103 SET @OLD_TIME_ZONE=@@TIME_ZONE */;
/*!40103 SET TIME_ZONE='+00:00' */;
/*!40014 SET @OLD_UNIQUE_CHECKS=@@UNIQUE_CHECKS, UNIQUE_CHECKS=0 */;
/*!40014 SET @OLD_FOREIGN_KEY_CHECKS=@@FOREIGN_KEY_CHECKS, FOREIGN_KEY_CHECKS=0 */;
/*!40101 SET @OLD_SQL_MODE=@@SQL_MODE, SQL_MODE='NO_AUTO_VALUE_ON_ZERO' */;
/*!40111 SET @OLD_SQL_NOTES=@@SQL_NOTES, SQL_NOTES=0 */;

--
-- Table structure for table `flight`
--

DROP TABLE IF EXISTS `flight`;
/*!40101 SET @saved_cs_client     = @@character_set_client */;
/*!50503 SET character_set_client = utf8mb4 */;
CREATE TABLE `flight` (
  `flight_id` int unsigned NOT NULL AUTO_INCREMENT,
  `flight_number` varchar(25) NOT NULL,
  `flight_date` date DEFAULT NULL,
  `departure` varchar(100) DEFAULT NULL,
  `arrival` varchar(100) DEFAULT NULL,
  `departure_time` time DEFAULT NULL,
  `arrival_time` time DEFAULT NULL,
  `flight_duration` varchar(12) DEFAULT NULL,
  `airline_name` varchar(100) DEFAULT NULL,
  `capacity` int DEFAULT NULL,
  `stop` enum('nonstop','1-stop','2-stops','3-stops') DEFAULT NULL,
  `stop1` varchar(100) DEFAULT NULL,
  `stop2` varchar(100) DEFAULT NULL,
  `stop3` varchar(100) DEFAULT NULL,
  PRIMARY KEY (`flight_id`)
) ENGINE=InnoDB AUTO_INCREMENT=1055 DEFAULT CHARSET=utf8mb4 COLLATE=utf8mb4_0900_ai_ci;
/*!40101 SET character_set_client = @saved_cs_client */;

--
-- Dumping data for table `flight`
--

LOCK TABLES `flight` WRITE;
/*!40000 ALTER TABLE `flight` DISABLE KEYS */;
INSERT INTO `flight` VALUES (1007,'MTV45','2021-05-23','Hanoi','Saigon','12:30:00','14:30:00','2 hours','VN Airline',300,'nonstop',NULL,NULL,NULL),(1009,'AG154','2021-12-16','Saigon','Hanoi','02:25:00','04:00:00','1 hour','VN Airline',230,NULL,'','',''),(1010,'HI248','2021-06-12','Saigon','Incheon','06:00:00','14:00:00','8 hours','VietjetAir',215,'1-stop','Seul',NULL,NULL),(1011,'SH457','2021-08-12','Seul','Hanoi','12:00:00','23:00:00','11 hours','Korea Airline',220,'1-stop','Saigon',NULL,NULL),(1041,'MG561','2021-05-10','Hanoi','Hochiminh','12:00:00','13:00:00','1 hour','VN Airline',200,'nonstop','','',''),(1042,'GY458','2021-05-10','Hanoi','Hochiminh','02:30:00','03:30:00','1 hour','Vietnam Airlines ',150,'nonstop','','',''),(1043,'SDF545','2021-05-10','Hanoi','Hochiminh','06:00:00','07:00:00','1 hour','Bamboo Airways',240,'nonstop','','',''),(1044,'SDF154','2021-05-10','Hanoi','Hochiminh','07:00:00','08:00:00','1 hour','Vietravel Airlines',120,'nonstop','','',''),(1045,'DFY154','2021-05-10','Hanoi','Hochiminh','02:30:00','03:30:00','1 hour','Pacific Airlines',245,'nonstop','','',''),(1046,'VN654','2021-05-10','Hanoi','Hochiminh','15:00:00','16:00:00','1 hour','Vietjet Air',154,'nonstop','','',''),(1047,'SD145','2021-05-10','Hanoi','Hochiminh','10:00:00','11:00:00','1 hour','VN Airline',150,'nonstop','','',''),(1048,'DF554','2021-05-10','Hanoi','Hochiminh','18:00:00','19:00:00','1 hour','Bamboo Airways',210,'nonstop','','',''),(1049,'ET481','2021-05-10','Hanoi','Hochiminh','12:00:00','13:00:00','1 hour','Bamboo Airways',180,'nonstop','','',''),(1050,'YD587','2021-05-10','Hanoi','Hochiminh','20:00:00','21:00:00','1 hour','Vietravel Airlines',190,'nonstop','','',''),(1051,'SDI632','2021-05-10','Hanoi','Hochiminh','22:00:00','23:00:00','1 hour','Vietjet Air',151,'nonstop','','',''),(1052,'TY901','2021-05-10','Hanoi','Hochiminh','02:30:00','03:30:00','1 hour','Vietnam Airlines ',230,'nonstop','','','');
/*!40000 ALTER TABLE `flight` ENABLE KEYS */;
UNLOCK TABLES;

--
-- Table structure for table `flightreservation`
--

DROP TABLE IF EXISTS `flightreservation`;
/*!40101 SET @saved_cs_client     = @@character_set_client */;
/*!50503 SET character_set_client = utf8mb4 */;
CREATE TABLE `flightreservation` (
  `flight_reservation_id` int unsigned NOT NULL AUTO_INCREMENT,
  `passenger_id` int unsigned NOT NULL,
  `flight_id` int unsigned NOT NULL,
  `ticket_id` int unsigned NOT NULL,
  PRIMARY KEY (`flight_reservation_id`),
  KEY `flightReservation_FK` (`passenger_id`),
  KEY `flightReservation_FK2` (`flight_id`),
  KEY `flightReservation_FK3` (`ticket_id`),
  CONSTRAINT `flightReservation_FK` FOREIGN KEY (`passenger_id`) REFERENCES `passenger` (`passenger_id`) ON DELETE CASCADE ON UPDATE CASCADE,
  CONSTRAINT `flightReservation_FK2` FOREIGN KEY (`flight_id`) REFERENCES `flight` (`flight_id`) ON DELETE CASCADE ON UPDATE CASCADE,
  CONSTRAINT `flightReservation_FK3` FOREIGN KEY (`ticket_id`) REFERENCES `ticket` (`ticket_id`) ON DELETE CASCADE ON UPDATE CASCADE
) ENGINE=InnoDB AUTO_INCREMENT=1029 DEFAULT CHARSET=utf8mb4 COLLATE=utf8mb4_0900_ai_ci;
/*!40101 SET character_set_client = @saved_cs_client */;

--
-- Dumping data for table `flightreservation`
--

LOCK TABLES `flightreservation` WRITE;
/*!40000 ALTER TABLE `flightreservation` DISABLE KEYS */;
INSERT INTO `flightreservation` VALUES (1027,1018,1041,1673),(1028,1019,1041,1549);
/*!40000 ALTER TABLE `flightreservation` ENABLE KEYS */;
UNLOCK TABLES;

--
-- Table structure for table `passenger`
--

DROP TABLE IF EXISTS `passenger`;
/*!40101 SET @saved_cs_client     = @@character_set_client */;
/*!50503 SET character_set_client = utf8mb4 */;
CREATE TABLE `passenger` (
  `passenger_id` int unsigned NOT NULL AUTO_INCREMENT,
  `passport_number` varchar(25) DEFAULT NULL,
  `first_name` varchar(50) DEFAULT NULL,
  `last_name` varchar(50) DEFAULT NULL,
  `nationality` varchar(25) DEFAULT NULL,
  `date_of_birth` date DEFAULT NULL,
  `gender` enum('male','female','other') DEFAULT NULL,
  `phone_number` varchar(30) DEFAULT NULL,
  `email` varchar(255) DEFAULT NULL,
  `payment_id` int unsigned NOT NULL,
  PRIMARY KEY (`passenger_id`),
  KEY `passenger_FK1` (`payment_id`),
  CONSTRAINT `passenger_FK` FOREIGN KEY (`payment_id`) REFERENCES `payment` (`payment_id`) ON DELETE CASCADE ON UPDATE CASCADE
) ENGINE=InnoDB AUTO_INCREMENT=1020 DEFAULT CHARSET=utf8mb4 COLLATE=utf8mb4_0900_ai_ci;
/*!40101 SET character_set_client = @saved_cs_client */;

--
-- Dumping data for table `passenger`
--

LOCK TABLES `passenger` WRITE;
/*!40000 ALTER TABLE `passenger` DISABLE KEYS */;
INSERT INTO `passenger` VALUES (1000,'1245','Thuy','Thu','VN','2000-02-24','female','02542654','abc',154),(1003,'154872','Thuy','Thu','US','2000-02-24','female','02154875','daothuyy.242@gmail.com',1006),(1005,'154872','Thuy','Thu','US','2000-02-24','female','02154875','daothuyy.242@gmail.com',1008),(1006,'154872','Thuy','Thu','US','2000-02-24','female','02154875','daothuyy.242@gmail.com',1009),(1007,'154872','Thuy','Thu','US','2000-02-24','female','02154875','daothuyy.242@gmail.com',1010),(1008,'154872','Thuy','Thu','US','2000-02-24','female','02154875','daothuyy.242@gmail.com',1011),(1009,'154872','Thuy','Thu','US','2000-02-24','female','02154875','thuthuyy.242@gmail.com',1013),(1010,'154872','Thuy','Thu','US','2000-02-24','male','02154875','thuthuyy.242@gmail.com',1014),(1011,'5656','Hihi','Hehe','US','2000-02-02','female','sdads','thuthuyy.242@gmail.com',1015),(1012,'154872','Thuy','Thu','US','2000-02-24','female','02154875','thuthuyy.242@gmail.com',1016),(1013,'154872','Thuy','Thu','US','2000-02-24','female','02154875','thuthuyy.242@gmail.com',1017),(1014,'124872','Thuy','Thu','VN','2000-02-24','female','02154875','thuthuyy.242@gmail.com',1018),(1015,'124872','Thuy','Thu','VN','2000-02-24','female','02154875','thuthuyy.242@gmail.com',1019),(1016,'1248','Thu','Thuy','VN','2000-02-24','female','0329883682','1801040217@s.hanu.edu.vn',1020),(1017,'1248','Thu','Thuy','VN','2000-02-24','female','0329883682','1801040217@s.hanu.edu.vn',1021),(1018,'14578','Thuy','Dao','VN','2000-02-24','female','0329883682','thuthuyy.242@gmail.com',1022),(1019,'1547','Thuy','Dao','VN','2000-02-24','female','0329883682','thuthuyy.242@gmail.com',1023);
/*!40000 ALTER TABLE `passenger` ENABLE KEYS */;
UNLOCK TABLES;

--
-- Table structure for table `payment`
--

DROP TABLE IF EXISTS `payment`;
/*!40101 SET @saved_cs_client     = @@character_set_client */;
/*!50503 SET character_set_client = utf8mb4 */;
CREATE TABLE `payment` (
  `payment_id` int unsigned NOT NULL AUTO_INCREMENT,
  `card_type` varchar(255) DEFAULT NULL,
  `card_number` varchar(100) DEFAULT NULL,
  `cardholder_name` varchar(255) DEFAULT NULL,
  `security_code` varchar(10) DEFAULT NULL,
  `exp_date` date DEFAULT NULL,
  PRIMARY KEY (`payment_id`)
) ENGINE=InnoDB AUTO_INCREMENT=1024 DEFAULT CHARSET=utf8mb4 COLLATE=utf8mb4_0900_ai_ci;
/*!40101 SET character_set_client = @saved_cs_client */;

--
-- Dumping data for table `payment`
--

LOCK TABLES `payment` WRITE;
/*!40000 ALTER TABLE `payment` DISABLE KEYS */;
INSERT INTO `payment` VALUES (1000,'Debit','145255','Thuy Thu','154','2022-05-05'),(1001,'visit','122154-145-1545','Thuy','1212','2029-10-20'),(1002,'visit','12454545','thuthuy','1212','2029-11-20'),(1003,'visit','121245','Thuy','1212','2030-11-20'),(1004,'visit','1111-2222-3333-4444','Thu','1212','2025-02-20'),(1005,'visit','1111-2222-3333-4444','Thuy','1212','2023-09-20'),(1006,'visit','1111-2222-3333-4444','Thuy','1212','2023-09-20'),(1007,'visit','1111-2222-3333-4444','Thuy','1212','2023-09-20'),(1008,'visit','',' Camnh','1212','2024-03-20'),(1009,'visit','','Thu','1212','0000-00-20'),(1010,'visit','','Thuy','1212','0000-00-20'),(1011,'visit','','','1212','0000-00-20'),(1012,'visit','1111-2222-3333','Thuy','1212','2025-02-20'),(1013,'visit','11112334556','Thuy','1212','2024-02-20'),(1014,'visit','11111111','Thuy','1212','2025-01-20'),(1015,'visit','11111111111','Hihi','1212','2023-10-20'),(1016,'visit','11111111','Thuy','1212','2022-01-20'),(1017,'visaDebit','123','Thuy','1212','2030-09-20'),(1018,NULL,'','Thuy','1212','0000-00-20'),(1019,'visaDebit','1245545154','Thu','1212','2024-03-20'),(1020,'visaCredit','12485515355','Dao Thi Thu Thuy','1212','2025-03-20'),(1021,'visaCredit','12485515355','Dao Thi Thu Thuy','1212','2025-03-20'),(1022,NULL,'124-48781-4745','Dao Thi Thu Thuy','1212','2024-08-20'),(1023,NULL,'2455-5442-5487-511','Dao Thi Thu Thuy','1212','2024-07-20');
/*!40000 ALTER TABLE `payment` ENABLE KEYS */;
UNLOCK TABLES;

--
-- Table structure for table `ticket`
--

DROP TABLE IF EXISTS `ticket`;
/*!40101 SET @saved_cs_client     = @@character_set_client */;
/*!50503 SET character_set_client = utf8mb4 */;
CREATE TABLE `ticket` (
  `ticket_id` int unsigned NOT NULL AUTO_INCREMENT,
  `price` int DEFAULT NULL,
  `ticket_type` varchar(25) DEFAULT NULL,
  `seat_number` varchar(25) DEFAULT NULL,
  `flight_id` int unsigned DEFAULT NULL,
  PRIMARY KEY (`ticket_id`),
  KEY `ticket_FK` (`flight_id`),
  CONSTRAINT `ticket_FK` FOREIGN KEY (`flight_id`) REFERENCES `flight` (`flight_id`) ON DELETE CASCADE ON UPDATE CASCADE
) ENGINE=InnoDB AUTO_INCREMENT=5280 DEFAULT CHARSET=utf8mb4 COLLATE=utf8mb4_0900_ai_ci;
/*!40101 SET character_set_client = @saved_cs_client */;

--
-- Dumping data for table `ticket`
--

LOCK TABLES `ticket` WRITE;
/*!40000 ALTER TABLE `ticket` DISABLE KEYS */;
INSERT INTO `ticket` VALUES (1010,123,'vip','f12',1002),(1011,123,'vip','f13',1002),(1012,123,'vip','f14',1002),(1013,123,'vip','f15',1002),(1014,123,'vip','f16',1002),(1015,123,'vip','f17',1002),(1016,123,'vip','f18',1002),(1017,123,'vip','f19',1002),(1018,123,'vip','f20',1002),(1019,123,'vip','f21',1002),(1020,123,'vip','f12',1003),(1021,123,'vip','f13',1003),(1022,123,'vip','f14',1003),(1023,123,'vip','f15',1003),(1024,123,'vip','f16',1003),(1025,123,'vip','f17',1003),(1026,123,'vip','f18',1003),(1027,123,'vip','f19',1003),(1028,123,'vip','f20',1003),(1029,123,'vip','f21',1003),(1530,12,'Economy','f0',1041),(1531,12,'Economy','f1',1041),(1532,12,'Economy','f2',1041),(1533,12,'Economy','f3',1041),(1534,12,'Economy','f4',1041),(1535,12,'Economy','f5',1041),(1536,12,'Economy','f6',1041),(1537,12,'Economy','f7',1041),(1538,12,'Economy','f8',1041),(1539,12,'Economy','f9',1041),(1540,12,'Economy','f10',1041),(1541,12,'Economy','f11',1041),(1542,12,'Economy','f12',1041),(1543,12,'Economy','f13',1041),(1544,12,'Economy','f14',1041),(1545,12,'Economy','f15',1041),(1546,12,'Economy','f16',1041),(1547,12,'Economy','f17',1041),(1548,12,'Economy','f18',1041),(1549,12,'Economy','f19',1041),(1550,12,'Economy','f20',1041),(1551,12,'Economy','f21',1041),(1552,12,'Economy','f22',1041),(1553,12,'Economy','f23',1041),(1554,12,'Economy','f24',1041),(1555,12,'Economy','f25',1041),(1556,12,'Economy','f26',1041),(1557,12,'Economy','f27',1041),(1558,12,'Economy','f28',1041),(1559,12,'Economy','f29',1041),(1560,12,'Economy','f30',1041),(1561,12,'Economy','f31',1041),(1562,12,'Economy','f32',1041),(1563,12,'Economy','f33',1041),(1564,12,'Economy','f34',1041),(1565,12,'Economy','f35',1041),(1566,12,'Economy','f36',1041),(1567,12,'Economy','f37',1041),(1568,12,'Economy','f38',1041),(1569,12,'Economy','f39',1041),(1570,12,'Economy','f40',1041),(1571,12,'Economy','f41',1041),(1572,12,'Economy','f42',1041),(1573,12,'Economy','f43',1041),(1574,12,'Economy','f44',1041),(1575,12,'Economy','f45',1041),(1576,12,'Economy','f46',1041),(1577,12,'Economy','f47',1041),(1578,12,'Economy','f48',1041),(1579,12,'Economy','f49',1041),(1580,12,'Economy','f50',1041),(1581,12,'Economy','f51',1041),(1582,12,'Economy','f52',1041),(1583,12,'Economy','f53',1041),(1584,12,'Economy','f54',1041),(1585,12,'Economy','f55',1041),(1586,12,'Economy','f56',1041),(1587,12,'Economy','f57',1041),(1588,12,'Economy','f58',1041),(1589,12,'Economy','f59',1041),(1590,12,'Economy','f60',1041),(1591,12,'Economy','f61',1041),(1592,12,'Economy','f62',1041),(1593,12,'Economy','f63',1041),(1594,12,'Economy','f64',1041),(1595,12,'Economy','f65',1041),(1596,12,'Economy','f66',1041),(1597,12,'Economy','f67',1041),(1598,12,'Economy','f68',1041),(1599,12,'Economy','f69',1041),(1600,12,'Economy','f70',1041),(1601,12,'Economy','f71',1041),(1602,12,'Economy','f72',1041),(1603,12,'Economy','f73',1041),(1604,12,'Economy','f74',1041),(1605,12,'Economy','f75',1041),(1606,12,'Economy','f76',1041),(1607,12,'Economy','f77',1041),(1608,12,'Economy','f78',1041),(1609,12,'Economy','f79',1041),(1610,12,'Economy','f80',1041),(1611,12,'Economy','f81',1041),(1612,12,'Economy','f82',1041),(1613,12,'Economy','f83',1041),(1614,12,'Economy','f84',1041),(1615,12,'Economy','f85',1041),(1616,12,'Economy','f86',1041),(1617,12,'Economy','f87',1041),(1618,12,'Economy','f88',1041),(1619,12,'Economy','f89',1041),(1620,12,'Economy','f90',1041),(1621,12,'Economy','f91',1041),(1622,12,'Economy','f92',1041),(1623,12,'Economy','f93',1041),(1624,12,'Economy','f94',1041),(1625,12,'Economy','f95',1041),(1626,12,'Economy','f96',1041),(1627,12,'Economy','f97',1041),(1628,12,'Economy','f98',1041),(1629,12,'Economy','f99',1041),(1630,12,'Economy','f100',1041),(1631,12,'Economy','f101',1041),(1632,12,'Economy','f102',1041),(1633,12,'Economy','f103',1041),(1634,12,'Economy','f104',1041),(1635,12,'Economy','f105',1041),(1636,12,'Economy','f106',1041),(1637,12,'Economy','f107',1041),(1638,12,'Economy','f108',1041),(1639,12,'Economy','f109',1041),(1640,12,'Economy','f110',1041),(1641,12,'Economy','f111',1041),(1642,12,'Economy','f112',1041),(1643,12,'Economy','f113',1041),(1644,12,'Economy','f114',1041),(1645,12,'Economy','f115',1041),(1646,12,'Economy','f116',1041),(1647,12,'Economy','f117',1041),(1648,12,'Economy','f118',1041),(1649,12,'Economy','f119',1041),(1650,12,'Economy','f120',1041),(1651,12,'Economy','f121',1041),(1652,12,'Economy','f122',1041),(1653,12,'Economy','f123',1041),(1654,12,'Economy','f124',1041),(1655,12,'Economy','f125',1041),(1656,12,'Economy','f126',1041),(1657,12,'Economy','f127',1041),(1658,12,'Economy','f128',1041),(1659,12,'Economy','f129',1041),(1660,12,'Economy','f130',1041),(1661,12,'Economy','f131',1041),(1662,12,'Economy','f132',1041),(1663,12,'Economy','f133',1041),(1664,12,'Economy','f134',1041),(1665,12,'Economy','f135',1041),(1666,12,'Economy','f136',1041),(1667,12,'Economy','f137',1041),(1668,12,'Economy','f138',1041),(1669,12,'Economy','f139',1041),(1670,12,'Economy','f140',1041),(1671,12,'Economy','f141',1041),(1672,12,'Economy','f142',1041),(1673,12,'Economy','f143',1041),(1674,12,'Economy','f144',1041),(1675,12,'Economy','f145',1041),(1676,12,'Economy','f146',1041),(1677,12,'Economy','f147',1041),(1678,12,'Economy','f148',1041),(1679,12,'Economy','f149',1041),(1680,12,'Economy','f150',1041),(1681,12,'Economy','f151',1041),(1682,12,'Economy','f152',1041),(1683,12,'Economy','f153',1041),(1684,12,'Economy','f154',1041),(1685,12,'Economy','f155',1041),(1686,12,'Economy','f156',1041),(1687,12,'Economy','f157',1041),(1688,12,'Economy','f158',1041),(1689,12,'Economy','f159',1041),(1690,12,'Economy','f160',1041),(1691,12,'Economy','f161',1041),(1692,12,'Economy','f162',1041),(1693,12,'Economy','f163',1041),(1694,12,'Economy','f164',1041),(1695,12,'Economy','f165',1041),(1696,12,'Economy','f166',1041),(1697,12,'Economy','f167',1041),(1698,12,'Economy','f168',1041),(1699,12,'Economy','f169',1041),(1700,12,'Economy','f170',1041),(1701,12,'Economy','f171',1041),(1702,12,'Economy','f172',1041),(1703,12,'Economy','f173',1041),(1704,12,'Economy','f174',1041),(1705,12,'Economy','f175',1041),(1706,12,'Economy','f176',1041),(1707,12,'Economy','f177',1041),(1708,12,'Economy','f178',1041),(1709,12,'Economy','f179',1041),(1710,12,'Economy','f180',1041),(1711,12,'Economy','f181',1041),(1712,12,'Economy','f182',1041),(1713,12,'Economy','f183',1041),(1714,12,'Economy','f184',1041),(1715,12,'Economy','f185',1041),(1716,12,'Economy','f186',1041),(1717,12,'Economy','f187',1041),(1718,12,'Economy','f188',1041),(1719,12,'Economy','f189',1041),(1720,12,'Economy','f190',1041),(1721,12,'Economy','f191',1041),(1722,12,'Economy','f192',1041),(1723,12,'Economy','f193',1041),(1724,12,'Economy','f194',1041),(1725,12,'Economy','f195',1041),(1726,12,'Economy','f196',1041),(1727,12,'Economy','f197',1041),(1728,12,'Economy','f198',1041),(1729,12,'Economy','f199',1041),(1730,12,'Bussiness','t200',1041),(1731,12,'Bussiness','t201',1041),(1732,12,'Bussiness','t202',1041),(1733,12,'Bussiness','t203',1041),(1734,12,'Bussiness','t204',1041),(1735,12,'Bussiness','t205',1041),(1736,12,'Bussiness','t206',1041),(1737,12,'Bussiness','t207',1041),(1738,12,'Bussiness','t208',1041),(1739,12,'Bussiness','t209',1041),(1740,12,'Bussiness','t210',1041),(1741,12,'Bussiness','t211',1041),(1742,12,'Bussiness','t212',1041),(1743,12,'Bussiness','t213',1041),(1744,12,'Bussiness','t214',1041),(1745,12,'Bussiness','t215',1041),(1746,12,'Bussiness','t216',1041),(1747,12,'Bussiness','t217',1041),(1748,12,'Bussiness','t218',1041),(1749,12,'Bussiness','t219',1041),(1750,12,'Bussiness','t220',1041),(1751,12,'Bussiness','t221',1041),(1752,12,'Bussiness','t222',1041),(1753,12,'Bussiness','t223',1041),(1754,12,'Bussiness','t224',1041),(1755,12,'Bussiness','t225',1041),(1756,12,'Bussiness','t226',1041),(1757,12,'Bussiness','t227',1041),(1758,12,'Bussiness','t228',1041),(1759,12,'Bussiness','t229',1041),(1760,12,'Bussiness','t230',1041),(1761,12,'Bussiness','t231',1041),(1762,12,'Bussiness','t232',1041),(1763,12,'Bussiness','t233',1041),(1764,12,'Bussiness','t234',1041),(1765,12,'Bussiness','t235',1041),(1766,12,'Bussiness','t236',1041),(1767,12,'Bussiness','t237',1041),(1768,12,'Bussiness','t238',1041),(1769,12,'Bussiness','t239',1041),(1770,12,'Bussiness','t240',1041),(1771,12,'Bussiness','t241',1041),(1772,12,'Bussiness','t242',1041),(1773,12,'Bussiness','t243',1041),(1774,12,'Bussiness','t244',1041),(1775,12,'Bussiness','t245',1041),(1776,12,'Bussiness','t246',1041),(1777,12,'Bussiness','t247',1041),(1778,12,'Bussiness','t248',1041),(1779,12,'Bussiness','t249',1041),(1780,12,'Economy','f0',1042),(1781,12,'Economy','f1',1042),(1782,12,'Economy','f2',1042),(1783,12,'Economy','f3',1042),(1784,12,'Economy','f4',1042),(1785,12,'Economy','f5',1042),(1786,12,'Economy','f6',1042),(1787,12,'Economy','f7',1042),(1788,12,'Economy','f8',1042),(1789,12,'Economy','f9',1042),(1790,12,'Economy','f10',1042),(1791,12,'Economy','f11',1042),(1792,12,'Economy','f12',1042),(1793,12,'Economy','f13',1042),(1794,12,'Economy','f14',1042),(1795,12,'Economy','f15',1042),(1796,12,'Economy','f16',1042),(1797,12,'Economy','f17',1042),(1798,12,'Economy','f18',1042),(1799,12,'Economy','f19',1042),(1800,12,'Economy','f20',1042),(1801,12,'Economy','f21',1042),(1802,12,'Economy','f22',1042),(1803,12,'Economy','f23',1042),(1804,12,'Economy','f24',1042),(1805,12,'Economy','f25',1042),(1806,12,'Economy','f26',1042),(1807,12,'Economy','f27',1042),(1808,12,'Economy','f28',1042),(1809,12,'Economy','f29',1042),(1810,12,'Economy','f30',1042),(1811,12,'Economy','f31',1042),(1812,12,'Economy','f32',1042),(1813,12,'Economy','f33',1042),(1814,12,'Economy','f34',1042),(1815,12,'Economy','f35',1042),(1816,12,'Economy','f36',1042),(1817,12,'Economy','f37',1042),(1818,12,'Economy','f38',1042),(1819,12,'Economy','f39',1042),(1820,12,'Economy','f40',1042),(1821,12,'Economy','f41',1042),(1822,12,'Economy','f42',1042),(1823,12,'Economy','f43',1042),(1824,12,'Economy','f44',1042),(1825,12,'Economy','f45',1042),(1826,12,'Economy','f46',1042),(1827,12,'Economy','f47',1042),(1828,12,'Economy','f48',1042),(1829,12,'Economy','f49',1042),(1830,12,'Economy','f50',1042),(1831,12,'Economy','f51',1042),(1832,12,'Economy','f52',1042),(1833,12,'Economy','f53',1042),(1834,12,'Economy','f54',1042),(1835,12,'Economy','f55',1042),(1836,12,'Economy','f56',1042),(1837,12,'Economy','f57',1042),(1838,12,'Economy','f58',1042),(1839,12,'Economy','f59',1042),(1840,12,'Economy','f60',1042),(1841,12,'Economy','f61',1042),(1842,12,'Economy','f62',1042),(1843,12,'Economy','f63',1042),(1844,12,'Economy','f64',1042),(1845,12,'Economy','f65',1042),(1846,12,'Economy','f66',1042),(1847,12,'Economy','f67',1042),(1848,12,'Economy','f68',1042),(1849,12,'Economy','f69',1042),(1850,12,'Economy','f70',1042),(1851,12,'Economy','f71',1042),(1852,12,'Economy','f72',1042),(1853,12,'Economy','f73',1042),(1854,12,'Economy','f74',1042),(1855,12,'Economy','f75',1042),(1856,12,'Economy','f76',1042),(1857,12,'Economy','f77',1042),(1858,12,'Economy','f78',1042),(1859,12,'Economy','f79',1042),(1860,12,'Economy','f80',1042),(1861,12,'Economy','f81',1042),(1862,12,'Economy','f82',1042),(1863,12,'Economy','f83',1042),(1864,12,'Economy','f84',1042),(1865,12,'Economy','f85',1042),(1866,12,'Economy','f86',1042),(1867,12,'Economy','f87',1042),(1868,12,'Economy','f88',1042),(1869,12,'Economy','f89',1042),(1870,12,'Economy','f90',1042),(1871,12,'Economy','f91',1042),(1872,12,'Economy','f92',1042),(1873,12,'Economy','f93',1042),(1874,12,'Economy','f94',1042),(1875,12,'Economy','f95',1042),(1876,12,'Economy','f96',1042),(1877,12,'Economy','f97',1042),(1878,12,'Economy','f98',1042),(1879,12,'Economy','f99',1042),(1880,12,'Economy','f100',1042),(1881,12,'Economy','f101',1042),(1882,12,'Economy','f102',1042),(1883,12,'Economy','f103',1042),(1884,12,'Economy','f104',1042),(1885,12,'Economy','f105',1042),(1886,12,'Economy','f106',1042),(1887,12,'Economy','f107',1042),(1888,12,'Economy','f108',1042),(1889,12,'Economy','f109',1042),(1890,12,'Economy','f110',1042),(1891,12,'Economy','f111',1042),(1892,12,'Economy','f112',1042),(1893,12,'Economy','f113',1042),(1894,12,'Economy','f114',1042),(1895,12,'Economy','f115',1042),(1896,12,'Economy','f116',1042),(1897,12,'Economy','f117',1042),(1898,12,'Economy','f118',1042),(1899,12,'Economy','f119',1042),(1900,12,'Economy','f120',1042),(1901,12,'Economy','f121',1042),(1902,12,'Economy','f122',1042),(1903,12,'Economy','f123',1042),(1904,12,'Economy','f124',1042),(1905,12,'Economy','f125',1042),(1906,12,'Economy','f126',1042),(1907,12,'Economy','f127',1042),(1908,12,'Economy','f128',1042),(1909,12,'Economy','f129',1042),(1910,12,'Economy','f130',1042),(1911,12,'Economy','f131',1042),(1912,12,'Economy','f132',1042),(1913,12,'Economy','f133',1042),(1914,12,'Economy','f134',1042),(1915,12,'Economy','f135',1042),(1916,12,'Economy','f136',1042),(1917,12,'Economy','f137',1042),(1918,12,'Economy','f138',1042),(1919,12,'Economy','f139',1042),(1920,12,'Economy','f140',1042),(1921,12,'Economy','f141',1042),(1922,12,'Economy','f142',1042),(1923,12,'Economy','f143',1042),(1924,12,'Economy','f144',1042),(1925,12,'Economy','f145',1042),(1926,12,'Economy','f146',1042),(1927,12,'Economy','f147',1042),(1928,12,'Economy','f148',1042),(1929,12,'Economy','f149',1042),(1930,12,'Economy','f150',1042),(1931,12,'Economy','f151',1042),(1932,12,'Economy','f152',1042),(1933,12,'Economy','f153',1042),(1934,12,'Economy','f154',1042),(1935,12,'Economy','f155',1042),(1936,12,'Economy','f156',1042),(1937,12,'Economy','f157',1042),(1938,12,'Economy','f158',1042),(1939,12,'Economy','f159',1042),(1940,12,'Economy','f160',1042),(1941,12,'Economy','f161',1042),(1942,12,'Economy','f162',1042),(1943,12,'Economy','f163',1042),(1944,12,'Economy','f164',1042),(1945,12,'Economy','f165',1042),(1946,12,'Economy','f166',1042),(1947,12,'Economy','f167',1042),(1948,12,'Economy','f168',1042),(1949,12,'Economy','f169',1042),(1950,12,'Economy','f170',1042),(1951,12,'Economy','f171',1042),(1952,12,'Economy','f172',1042),(1953,12,'Economy','f173',1042),(1954,12,'Economy','f174',1042),(1955,12,'Economy','f175',1042),(1956,12,'Economy','f176',1042),(1957,12,'Economy','f177',1042),(1958,12,'Economy','f178',1042),(1959,12,'Economy','f179',1042),(1960,12,'Economy','f180',1042),(1961,12,'Economy','f181',1042),(1962,12,'Economy','f182',1042),(1963,12,'Economy','f183',1042),(1964,12,'Economy','f184',1042),(1965,12,'Economy','f185',1042),(1966,12,'Economy','f186',1042),(1967,12,'Economy','f187',1042),(1968,12,'Economy','f188',1042),(1969,12,'Economy','f189',1042),(1970,12,'Economy','f190',1042),(1971,12,'Economy','f191',1042),(1972,12,'Economy','f192',1042),(1973,12,'Economy','f193',1042),(1974,12,'Economy','f194',1042),(1975,12,'Economy','f195',1042),(1976,12,'Economy','f196',1042),(1977,12,'Economy','f197',1042),(1978,12,'Economy','f198',1042),(1979,12,'Economy','f199',1042),(1980,12,'Bussiness','t200',1042),(1981,12,'Bussiness','t201',1042),(1982,12,'Bussiness','t202',1042),(1983,12,'Bussiness','t203',1042),(1984,12,'Bussiness','t204',1042),(1985,12,'Bussiness','t205',1042),(1986,12,'Bussiness','t206',1042),(1987,12,'Bussiness','t207',1042),(1988,12,'Bussiness','t208',1042),(1989,12,'Bussiness','t209',1042),(1990,12,'Bussiness','t210',1042),(1991,12,'Bussiness','t211',1042),(1992,12,'Bussiness','t212',1042),(1993,12,'Bussiness','t213',1042),(1994,12,'Bussiness','t214',1042),(1995,12,'Bussiness','t215',1042),(1996,12,'Bussiness','t216',1042),(1997,12,'Bussiness','t217',1042),(1998,12,'Bussiness','t218',1042),(1999,12,'Bussiness','t219',1042),(2000,12,'Bussiness','t220',1042),(2001,12,'Bussiness','t221',1042),(2002,12,'Bussiness','t222',1042),(2003,12,'Bussiness','t223',1042),(2004,12,'Bussiness','t224',1042),(2005,12,'Bussiness','t225',1042),(2006,12,'Bussiness','t226',1042),(2007,12,'Bussiness','t227',1042),(2008,12,'Bussiness','t228',1042),(2009,12,'Bussiness','t229',1042),(2010,12,'Bussiness','t230',1042),(2011,12,'Bussiness','t231',1042),(2012,12,'Bussiness','t232',1042),(2013,12,'Bussiness','t233',1042),(2014,12,'Bussiness','t234',1042),(2015,12,'Bussiness','t235',1042),(2016,12,'Bussiness','t236',1042),(2017,12,'Bussiness','t237',1042),(2018,12,'Bussiness','t238',1042),(2019,12,'Bussiness','t239',1042),(2020,12,'Bussiness','t240',1042),(2021,12,'Bussiness','t241',1042),(2022,12,'Bussiness','t242',1042),(2023,12,'Bussiness','t243',1042),(2024,12,'Bussiness','t244',1042),(2025,12,'Bussiness','t245',1042),(2026,12,'Bussiness','t246',1042),(2027,12,'Bussiness','t247',1042),(2028,12,'Bussiness','t248',1042),(2029,12,'Bussiness','t249',1042),(2030,12,'Economy','f0',1043),(2031,12,'Economy','f1',1043),(2032,12,'Economy','f2',1043),(2033,12,'Economy','f3',1043),(2034,12,'Economy','f4',1043),(2035,12,'Economy','f5',1043),(2036,12,'Economy','f6',1043),(2037,12,'Economy','f7',1043),(2038,12,'Economy','f8',1043),(2039,12,'Economy','f9',1043),(2040,12,'Economy','f10',1043),(2041,12,'Economy','f11',1043),(2042,12,'Economy','f12',1043),(2043,12,'Economy','f13',1043),(2044,12,'Economy','f14',1043),(2045,12,'Economy','f15',1043),(2046,12,'Economy','f16',1043),(2047,12,'Economy','f17',1043),(2048,12,'Economy','f18',1043),(2049,12,'Economy','f19',1043),(2050,12,'Economy','f20',1043),(2051,12,'Economy','f21',1043),(2052,12,'Economy','f22',1043),(2053,12,'Economy','f23',1043),(2054,12,'Economy','f24',1043),(2055,12,'Economy','f25',1043),(2056,12,'Economy','f26',1043),(2057,12,'Economy','f27',1043),(2058,12,'Economy','f28',1043),(2059,12,'Economy','f29',1043),(2060,12,'Economy','f30',1043),(2061,12,'Economy','f31',1043),(2062,12,'Economy','f32',1043),(2063,12,'Economy','f33',1043),(2064,12,'Economy','f34',1043),(2065,12,'Economy','f35',1043),(2066,12,'Economy','f36',1043),(2067,12,'Economy','f37',1043),(2068,12,'Economy','f38',1043),(2069,12,'Economy','f39',1043),(2070,12,'Economy','f40',1043),(2071,12,'Economy','f41',1043),(2072,12,'Economy','f42',1043),(2073,12,'Economy','f43',1043),(2074,12,'Economy','f44',1043),(2075,12,'Economy','f45',1043),(2076,12,'Economy','f46',1043),(2077,12,'Economy','f47',1043),(2078,12,'Economy','f48',1043),(2079,12,'Economy','f49',1043),(2080,12,'Economy','f50',1043),(2081,12,'Economy','f51',1043),(2082,12,'Economy','f52',1043),(2083,12,'Economy','f53',1043),(2084,12,'Economy','f54',1043),(2085,12,'Economy','f55',1043),(2086,12,'Economy','f56',1043),(2087,12,'Economy','f57',1043),(2088,12,'Economy','f58',1043),(2089,12,'Economy','f59',1043),(2090,12,'Economy','f60',1043),(2091,12,'Economy','f61',1043),(2092,12,'Economy','f62',1043),(2093,12,'Economy','f63',1043),(2094,12,'Economy','f64',1043),(2095,12,'Economy','f65',1043),(2096,12,'Economy','f66',1043),(2097,12,'Economy','f67',1043),(2098,12,'Economy','f68',1043),(2099,12,'Economy','f69',1043),(2100,12,'Economy','f70',1043),(2101,12,'Economy','f71',1043),(2102,12,'Economy','f72',1043),(2103,12,'Economy','f73',1043),(2104,12,'Economy','f74',1043),(2105,12,'Economy','f75',1043),(2106,12,'Economy','f76',1043),(2107,12,'Economy','f77',1043),(2108,12,'Economy','f78',1043),(2109,12,'Economy','f79',1043),(2110,12,'Economy','f80',1043),(2111,12,'Economy','f81',1043),(2112,12,'Economy','f82',1043),(2113,12,'Economy','f83',1043),(2114,12,'Economy','f84',1043),(2115,12,'Economy','f85',1043),(2116,12,'Economy','f86',1043),(2117,12,'Economy','f87',1043),(2118,12,'Economy','f88',1043),(2119,12,'Economy','f89',1043),(2120,12,'Economy','f90',1043),(2121,12,'Economy','f91',1043),(2122,12,'Economy','f92',1043),(2123,12,'Economy','f93',1043),(2124,12,'Economy','f94',1043),(2125,12,'Economy','f95',1043),(2126,12,'Economy','f96',1043),(2127,12,'Economy','f97',1043),(2128,12,'Economy','f98',1043),(2129,12,'Economy','f99',1043),(2130,12,'Economy','f100',1043),(2131,12,'Economy','f101',1043),(2132,12,'Economy','f102',1043),(2133,12,'Economy','f103',1043),(2134,12,'Economy','f104',1043),(2135,12,'Economy','f105',1043),(2136,12,'Economy','f106',1043),(2137,12,'Economy','f107',1043),(2138,12,'Economy','f108',1043),(2139,12,'Economy','f109',1043),(2140,12,'Economy','f110',1043),(2141,12,'Economy','f111',1043),(2142,12,'Economy','f112',1043),(2143,12,'Economy','f113',1043),(2144,12,'Economy','f114',1043),(2145,12,'Economy','f115',1043),(2146,12,'Economy','f116',1043),(2147,12,'Economy','f117',1043),(2148,12,'Economy','f118',1043),(2149,12,'Economy','f119',1043),(2150,12,'Economy','f120',1043),(2151,12,'Economy','f121',1043),(2152,12,'Economy','f122',1043),(2153,12,'Economy','f123',1043),(2154,12,'Economy','f124',1043),(2155,12,'Economy','f125',1043),(2156,12,'Economy','f126',1043),(2157,12,'Economy','f127',1043),(2158,12,'Economy','f128',1043),(2159,12,'Economy','f129',1043),(2160,12,'Economy','f130',1043),(2161,12,'Economy','f131',1043),(2162,12,'Economy','f132',1043),(2163,12,'Economy','f133',1043),(2164,12,'Economy','f134',1043),(2165,12,'Economy','f135',1043),(2166,12,'Economy','f136',1043),(2167,12,'Economy','f137',1043),(2168,12,'Economy','f138',1043),(2169,12,'Economy','f139',1043),(2170,12,'Economy','f140',1043),(2171,12,'Economy','f141',1043),(2172,12,'Economy','f142',1043),(2173,12,'Economy','f143',1043),(2174,12,'Economy','f144',1043),(2175,12,'Economy','f145',1043),(2176,12,'Economy','f146',1043),(2177,12,'Economy','f147',1043),(2178,12,'Economy','f148',1043),(2179,12,'Economy','f149',1043),(2180,12,'Economy','f150',1043),(2181,12,'Economy','f151',1043),(2182,12,'Economy','f152',1043),(2183,12,'Economy','f153',1043),(2184,12,'Economy','f154',1043),(2185,12,'Economy','f155',1043),(2186,12,'Economy','f156',1043),(2187,12,'Economy','f157',1043),(2188,12,'Economy','f158',1043),(2189,12,'Economy','f159',1043),(2190,12,'Economy','f160',1043),(2191,12,'Economy','f161',1043),(2192,12,'Economy','f162',1043),(2193,12,'Economy','f163',1043),(2194,12,'Economy','f164',1043),(2195,12,'Economy','f165',1043),(2196,12,'Economy','f166',1043),(2197,12,'Economy','f167',1043),(2198,12,'Economy','f168',1043),(2199,12,'Economy','f169',1043),(2200,12,'Economy','f170',1043),(2201,12,'Economy','f171',1043),(2202,12,'Economy','f172',1043),(2203,12,'Economy','f173',1043),(2204,12,'Economy','f174',1043),(2205,12,'Economy','f175',1043),(2206,12,'Economy','f176',1043),(2207,12,'Economy','f177',1043),(2208,12,'Economy','f178',1043),(2209,12,'Economy','f179',1043),(2210,12,'Economy','f180',1043),(2211,12,'Economy','f181',1043),(2212,12,'Economy','f182',1043),(2213,12,'Economy','f183',1043),(2214,12,'Economy','f184',1043),(2215,12,'Economy','f185',1043),(2216,12,'Economy','f186',1043),(2217,12,'Economy','f187',1043),(2218,12,'Economy','f188',1043),(2219,12,'Economy','f189',1043),(2220,12,'Economy','f190',1043),(2221,12,'Economy','f191',1043),(2222,12,'Economy','f192',1043),(2223,12,'Economy','f193',1043),(2224,12,'Economy','f194',1043),(2225,12,'Economy','f195',1043),(2226,12,'Economy','f196',1043),(2227,12,'Economy','f197',1043),(2228,12,'Economy','f198',1043),(2229,12,'Economy','f199',1043),(2230,12,'Bussiness','t200',1043),(2231,12,'Bussiness','t201',1043),(2232,12,'Bussiness','t202',1043),(2233,12,'Bussiness','t203',1043),(2234,12,'Bussiness','t204',1043),(2235,12,'Bussiness','t205',1043),(2236,12,'Bussiness','t206',1043),(2237,12,'Bussiness','t207',1043),(2238,12,'Bussiness','t208',1043),(2239,12,'Bussiness','t209',1043),(2240,12,'Bussiness','t210',1043),(2241,12,'Bussiness','t211',1043),(2242,12,'Bussiness','t212',1043),(2243,12,'Bussiness','t213',1043),(2244,12,'Bussiness','t214',1043),(2245,12,'Bussiness','t215',1043),(2246,12,'Bussiness','t216',1043),(2247,12,'Bussiness','t217',1043),(2248,12,'Bussiness','t218',1043),(2249,12,'Bussiness','t219',1043),(2250,12,'Bussiness','t220',1043),(2251,12,'Bussiness','t221',1043),(2252,12,'Bussiness','t222',1043),(2253,12,'Bussiness','t223',1043),(2254,12,'Bussiness','t224',1043),(2255,12,'Bussiness','t225',1043),(2256,12,'Bussiness','t226',1043),(2257,12,'Bussiness','t227',1043),(2258,12,'Bussiness','t228',1043),(2259,12,'Bussiness','t229',1043),(2260,12,'Bussiness','t230',1043),(2261,12,'Bussiness','t231',1043),(2262,12,'Bussiness','t232',1043),(2263,12,'Bussiness','t233',1043),(2264,12,'Bussiness','t234',1043),(2265,12,'Bussiness','t235',1043),(2266,12,'Bussiness','t236',1043),(2267,12,'Bussiness','t237',1043),(2268,12,'Bussiness','t238',1043),(2269,12,'Bussiness','t239',1043),(2270,12,'Bussiness','t240',1043),(2271,12,'Bussiness','t241',1043),(2272,12,'Bussiness','t242',1043),(2273,12,'Bussiness','t243',1043),(2274,12,'Bussiness','t244',1043),(2275,12,'Bussiness','t245',1043),(2276,12,'Bussiness','t246',1043),(2277,12,'Bussiness','t247',1043),(2278,12,'Bussiness','t248',1043),(2279,12,'Bussiness','t249',1043),(2280,12,'Economy','f0',1044),(2281,12,'Economy','f1',1044),(2282,12,'Economy','f2',1044),(2283,12,'Economy','f3',1044),(2284,12,'Economy','f4',1044),(2285,12,'Economy','f5',1044),(2286,12,'Economy','f6',1044),(2287,12,'Economy','f7',1044),(2288,12,'Economy','f8',1044),(2289,12,'Economy','f9',1044),(2290,12,'Economy','f10',1044),(2291,12,'Economy','f11',1044),(2292,12,'Economy','f12',1044),(2293,12,'Economy','f13',1044),(2294,12,'Economy','f14',1044),(2295,12,'Economy','f15',1044),(2296,12,'Economy','f16',1044),(2297,12,'Economy','f17',1044),(2298,12,'Economy','f18',1044),(2299,12,'Economy','f19',1044),(2300,12,'Economy','f20',1044),(2301,12,'Economy','f21',1044),(2302,12,'Economy','f22',1044),(2303,12,'Economy','f23',1044),(2304,12,'Economy','f24',1044),(2305,12,'Economy','f25',1044),(2306,12,'Economy','f26',1044),(2307,12,'Economy','f27',1044),(2308,12,'Economy','f28',1044),(2309,12,'Economy','f29',1044),(2310,12,'Economy','f30',1044),(2311,12,'Economy','f31',1044),(2312,12,'Economy','f32',1044),(2313,12,'Economy','f33',1044),(2314,12,'Economy','f34',1044),(2315,12,'Economy','f35',1044),(2316,12,'Economy','f36',1044),(2317,12,'Economy','f37',1044),(2318,12,'Economy','f38',1044),(2319,12,'Economy','f39',1044),(2320,12,'Economy','f40',1044),(2321,12,'Economy','f41',1044),(2322,12,'Economy','f42',1044),(2323,12,'Economy','f43',1044),(2324,12,'Economy','f44',1044),(2325,12,'Economy','f45',1044),(2326,12,'Economy','f46',1044),(2327,12,'Economy','f47',1044),(2328,12,'Economy','f48',1044),(2329,12,'Economy','f49',1044),(2330,12,'Economy','f50',1044),(2331,12,'Economy','f51',1044),(2332,12,'Economy','f52',1044),(2333,12,'Economy','f53',1044),(2334,12,'Economy','f54',1044),(2335,12,'Economy','f55',1044),(2336,12,'Economy','f56',1044),(2337,12,'Economy','f57',1044),(2338,12,'Economy','f58',1044),(2339,12,'Economy','f59',1044),(2340,12,'Economy','f60',1044),(2341,12,'Economy','f61',1044),(2342,12,'Economy','f62',1044),(2343,12,'Economy','f63',1044),(2344,12,'Economy','f64',1044),(2345,12,'Economy','f65',1044),(2346,12,'Economy','f66',1044),(2347,12,'Economy','f67',1044),(2348,12,'Economy','f68',1044),(2349,12,'Economy','f69',1044),(2350,12,'Economy','f70',1044),(2351,12,'Economy','f71',1044),(2352,12,'Economy','f72',1044),(2353,12,'Economy','f73',1044),(2354,12,'Economy','f74',1044),(2355,12,'Economy','f75',1044),(2356,12,'Economy','f76',1044),(2357,12,'Economy','f77',1044),(2358,12,'Economy','f78',1044),(2359,12,'Economy','f79',1044),(2360,12,'Economy','f80',1044),(2361,12,'Economy','f81',1044),(2362,12,'Economy','f82',1044),(2363,12,'Economy','f83',1044),(2364,12,'Economy','f84',1044),(2365,12,'Economy','f85',1044),(2366,12,'Economy','f86',1044),(2367,12,'Economy','f87',1044),(2368,12,'Economy','f88',1044),(2369,12,'Economy','f89',1044),(2370,12,'Economy','f90',1044),(2371,12,'Economy','f91',1044),(2372,12,'Economy','f92',1044),(2373,12,'Economy','f93',1044),(2374,12,'Economy','f94',1044),(2375,12,'Economy','f95',1044),(2376,12,'Economy','f96',1044),(2377,12,'Economy','f97',1044),(2378,12,'Economy','f98',1044),(2379,12,'Economy','f99',1044),(2380,12,'Economy','f100',1044),(2381,12,'Economy','f101',1044),(2382,12,'Economy','f102',1044),(2383,12,'Economy','f103',1044),(2384,12,'Economy','f104',1044),(2385,12,'Economy','f105',1044),(2386,12,'Economy','f106',1044),(2387,12,'Economy','f107',1044),(2388,12,'Economy','f108',1044),(2389,12,'Economy','f109',1044),(2390,12,'Economy','f110',1044),(2391,12,'Economy','f111',1044),(2392,12,'Economy','f112',1044),(2393,12,'Economy','f113',1044),(2394,12,'Economy','f114',1044),(2395,12,'Economy','f115',1044),(2396,12,'Economy','f116',1044),(2397,12,'Economy','f117',1044),(2398,12,'Economy','f118',1044),(2399,12,'Economy','f119',1044),(2400,12,'Economy','f120',1044),(2401,12,'Economy','f121',1044),(2402,12,'Economy','f122',1044),(2403,12,'Economy','f123',1044),(2404,12,'Economy','f124',1044),(2405,12,'Economy','f125',1044),(2406,12,'Economy','f126',1044),(2407,12,'Economy','f127',1044),(2408,12,'Economy','f128',1044),(2409,12,'Economy','f129',1044),(2410,12,'Economy','f130',1044),(2411,12,'Economy','f131',1044),(2412,12,'Economy','f132',1044),(2413,12,'Economy','f133',1044),(2414,12,'Economy','f134',1044),(2415,12,'Economy','f135',1044),(2416,12,'Economy','f136',1044),(2417,12,'Economy','f137',1044),(2418,12,'Economy','f138',1044),(2419,12,'Economy','f139',1044),(2420,12,'Economy','f140',1044),(2421,12,'Economy','f141',1044),(2422,12,'Economy','f142',1044),(2423,12,'Economy','f143',1044),(2424,12,'Economy','f144',1044),(2425,12,'Economy','f145',1044),(2426,12,'Economy','f146',1044),(2427,12,'Economy','f147',1044),(2428,12,'Economy','f148',1044),(2429,12,'Economy','f149',1044),(2430,12,'Economy','f150',1044),(2431,12,'Economy','f151',1044),(2432,12,'Economy','f152',1044),(2433,12,'Economy','f153',1044),(2434,12,'Economy','f154',1044),(2435,12,'Economy','f155',1044),(2436,12,'Economy','f156',1044),(2437,12,'Economy','f157',1044),(2438,12,'Economy','f158',1044),(2439,12,'Economy','f159',1044),(2440,12,'Economy','f160',1044),(2441,12,'Economy','f161',1044),(2442,12,'Economy','f162',1044),(2443,12,'Economy','f163',1044),(2444,12,'Economy','f164',1044),(2445,12,'Economy','f165',1044),(2446,12,'Economy','f166',1044),(2447,12,'Economy','f167',1044),(2448,12,'Economy','f168',1044),(2449,12,'Economy','f169',1044),(2450,12,'Economy','f170',1044),(2451,12,'Economy','f171',1044),(2452,12,'Economy','f172',1044),(2453,12,'Economy','f173',1044),(2454,12,'Economy','f174',1044),(2455,12,'Economy','f175',1044),(2456,12,'Economy','f176',1044),(2457,12,'Economy','f177',1044),(2458,12,'Economy','f178',1044),(2459,12,'Economy','f179',1044),(2460,12,'Economy','f180',1044),(2461,12,'Economy','f181',1044),(2462,12,'Economy','f182',1044),(2463,12,'Economy','f183',1044),(2464,12,'Economy','f184',1044),(2465,12,'Economy','f185',1044),(2466,12,'Economy','f186',1044),(2467,12,'Economy','f187',1044),(2468,12,'Economy','f188',1044),(2469,12,'Economy','f189',1044),(2470,12,'Economy','f190',1044),(2471,12,'Economy','f191',1044),(2472,12,'Economy','f192',1044),(2473,12,'Economy','f193',1044),(2474,12,'Economy','f194',1044),(2475,12,'Economy','f195',1044),(2476,12,'Economy','f196',1044),(2477,12,'Economy','f197',1044),(2478,12,'Economy','f198',1044),(2479,12,'Economy','f199',1044),(2480,12,'Bussiness','t200',1044),(2481,12,'Bussiness','t201',1044),(2482,12,'Bussiness','t202',1044),(2483,12,'Bussiness','t203',1044),(2484,12,'Bussiness','t204',1044),(2485,12,'Bussiness','t205',1044),(2486,12,'Bussiness','t206',1044),(2487,12,'Bussiness','t207',1044),(2488,12,'Bussiness','t208',1044),(2489,12,'Bussiness','t209',1044),(2490,12,'Bussiness','t210',1044),(2491,12,'Bussiness','t211',1044),(2492,12,'Bussiness','t212',1044),(2493,12,'Bussiness','t213',1044),(2494,12,'Bussiness','t214',1044),(2495,12,'Bussiness','t215',1044),(2496,12,'Bussiness','t216',1044),(2497,12,'Bussiness','t217',1044),(2498,12,'Bussiness','t218',1044),(2499,12,'Bussiness','t219',1044),(2500,12,'Bussiness','t220',1044),(2501,12,'Bussiness','t221',1044),(2502,12,'Bussiness','t222',1044),(2503,12,'Bussiness','t223',1044),(2504,12,'Bussiness','t224',1044),(2505,12,'Bussiness','t225',1044),(2506,12,'Bussiness','t226',1044),(2507,12,'Bussiness','t227',1044),(2508,12,'Bussiness','t228',1044),(2509,12,'Bussiness','t229',1044),(2510,12,'Bussiness','t230',1044),(2511,12,'Bussiness','t231',1044),(2512,12,'Bussiness','t232',1044),(2513,12,'Bussiness','t233',1044),(2514,12,'Bussiness','t234',1044),(2515,12,'Bussiness','t235',1044),(2516,12,'Bussiness','t236',1044),(2517,12,'Bussiness','t237',1044),(2518,12,'Bussiness','t238',1044),(2519,12,'Bussiness','t239',1044),(2520,12,'Bussiness','t240',1044),(2521,12,'Bussiness','t241',1044),(2522,12,'Bussiness','t242',1044),(2523,12,'Bussiness','t243',1044),(2524,12,'Bussiness','t244',1044),(2525,12,'Bussiness','t245',1044),(2526,12,'Bussiness','t246',1044),(2527,12,'Bussiness','t247',1044),(2528,12,'Bussiness','t248',1044),(2529,12,'Bussiness','t249',1044),(2530,12,'Economy','f0',1045),(2531,12,'Economy','f1',1045),(2532,12,'Economy','f2',1045),(2533,12,'Economy','f3',1045),(2534,12,'Economy','f4',1045),(2535,12,'Economy','f5',1045),(2536,12,'Economy','f6',1045),(2537,12,'Economy','f7',1045),(2538,12,'Economy','f8',1045),(2539,12,'Economy','f9',1045),(2540,12,'Economy','f10',1045),(2541,12,'Economy','f11',1045),(2542,12,'Economy','f12',1045),(2543,12,'Economy','f13',1045),(2544,12,'Economy','f14',1045),(2545,12,'Economy','f15',1045),(2546,12,'Economy','f16',1045),(2547,12,'Economy','f17',1045),(2548,12,'Economy','f18',1045),(2549,12,'Economy','f19',1045),(2550,12,'Economy','f20',1045),(2551,12,'Economy','f21',1045),(2552,12,'Economy','f22',1045),(2553,12,'Economy','f23',1045),(2554,12,'Economy','f24',1045),(2555,12,'Economy','f25',1045),(2556,12,'Economy','f26',1045),(2557,12,'Economy','f27',1045),(2558,12,'Economy','f28',1045),(2559,12,'Economy','f29',1045),(2560,12,'Economy','f30',1045),(2561,12,'Economy','f31',1045),(2562,12,'Economy','f32',1045),(2563,12,'Economy','f33',1045),(2564,12,'Economy','f34',1045),(2565,12,'Economy','f35',1045),(2566,12,'Economy','f36',1045),(2567,12,'Economy','f37',1045),(2568,12,'Economy','f38',1045),(2569,12,'Economy','f39',1045),(2570,12,'Economy','f40',1045),(2571,12,'Economy','f41',1045),(2572,12,'Economy','f42',1045),(2573,12,'Economy','f43',1045),(2574,12,'Economy','f44',1045),(2575,12,'Economy','f45',1045),(2576,12,'Economy','f46',1045),(2577,12,'Economy','f47',1045),(2578,12,'Economy','f48',1045),(2579,12,'Economy','f49',1045),(2580,12,'Economy','f50',1045),(2581,12,'Economy','f51',1045),(2582,12,'Economy','f52',1045),(2583,12,'Economy','f53',1045),(2584,12,'Economy','f54',1045),(2585,12,'Economy','f55',1045),(2586,12,'Economy','f56',1045),(2587,12,'Economy','f57',1045),(2588,12,'Economy','f58',1045),(2589,12,'Economy','f59',1045),(2590,12,'Economy','f60',1045),(2591,12,'Economy','f61',1045),(2592,12,'Economy','f62',1045),(2593,12,'Economy','f63',1045),(2594,12,'Economy','f64',1045),(2595,12,'Economy','f65',1045),(2596,12,'Economy','f66',1045),(2597,12,'Economy','f67',1045),(2598,12,'Economy','f68',1045),(2599,12,'Economy','f69',1045),(2600,12,'Economy','f70',1045),(2601,12,'Economy','f71',1045),(2602,12,'Economy','f72',1045),(2603,12,'Economy','f73',1045),(2604,12,'Economy','f74',1045),(2605,12,'Economy','f75',1045),(2606,12,'Economy','f76',1045),(2607,12,'Economy','f77',1045),(2608,12,'Economy','f78',1045),(2609,12,'Economy','f79',1045),(2610,12,'Economy','f80',1045),(2611,12,'Economy','f81',1045),(2612,12,'Economy','f82',1045),(2613,12,'Economy','f83',1045),(2614,12,'Economy','f84',1045),(2615,12,'Economy','f85',1045),(2616,12,'Economy','f86',1045),(2617,12,'Economy','f87',1045),(2618,12,'Economy','f88',1045),(2619,12,'Economy','f89',1045),(2620,12,'Economy','f90',1045),(2621,12,'Economy','f91',1045),(2622,12,'Economy','f92',1045),(2623,12,'Economy','f93',1045),(2624,12,'Economy','f94',1045),(2625,12,'Economy','f95',1045),(2626,12,'Economy','f96',1045),(2627,12,'Economy','f97',1045),(2628,12,'Economy','f98',1045),(2629,12,'Economy','f99',1045),(2630,12,'Economy','f100',1045),(2631,12,'Economy','f101',1045),(2632,12,'Economy','f102',1045),(2633,12,'Economy','f103',1045),(2634,12,'Economy','f104',1045),(2635,12,'Economy','f105',1045),(2636,12,'Economy','f106',1045),(2637,12,'Economy','f107',1045),(2638,12,'Economy','f108',1045),(2639,12,'Economy','f109',1045),(2640,12,'Economy','f110',1045),(2641,12,'Economy','f111',1045),(2642,12,'Economy','f112',1045),(2643,12,'Economy','f113',1045),(2644,12,'Economy','f114',1045),(2645,12,'Economy','f115',1045),(2646,12,'Economy','f116',1045),(2647,12,'Economy','f117',1045),(2648,12,'Economy','f118',1045),(2649,12,'Economy','f119',1045),(2650,12,'Economy','f120',1045),(2651,12,'Economy','f121',1045),(2652,12,'Economy','f122',1045),(2653,12,'Economy','f123',1045),(2654,12,'Economy','f124',1045),(2655,12,'Economy','f125',1045),(2656,12,'Economy','f126',1045),(2657,12,'Economy','f127',1045),(2658,12,'Economy','f128',1045),(2659,12,'Economy','f129',1045),(2660,12,'Economy','f130',1045),(2661,12,'Economy','f131',1045),(2662,12,'Economy','f132',1045),(2663,12,'Economy','f133',1045),(2664,12,'Economy','f134',1045),(2665,12,'Economy','f135',1045),(2666,12,'Economy','f136',1045),(2667,12,'Economy','f137',1045),(2668,12,'Economy','f138',1045),(2669,12,'Economy','f139',1045),(2670,12,'Economy','f140',1045),(2671,12,'Economy','f141',1045),(2672,12,'Economy','f142',1045),(2673,12,'Economy','f143',1045),(2674,12,'Economy','f144',1045),(2675,12,'Economy','f145',1045),(2676,12,'Economy','f146',1045),(2677,12,'Economy','f147',1045),(2678,12,'Economy','f148',1045),(2679,12,'Economy','f149',1045),(2680,12,'Economy','f150',1045),(2681,12,'Economy','f151',1045),(2682,12,'Economy','f152',1045),(2683,12,'Economy','f153',1045),(2684,12,'Economy','f154',1045),(2685,12,'Economy','f155',1045),(2686,12,'Economy','f156',1045),(2687,12,'Economy','f157',1045),(2688,12,'Economy','f158',1045),(2689,12,'Economy','f159',1045),(2690,12,'Economy','f160',1045),(2691,12,'Economy','f161',1045),(2692,12,'Economy','f162',1045),(2693,12,'Economy','f163',1045),(2694,12,'Economy','f164',1045),(2695,12,'Economy','f165',1045),(2696,12,'Economy','f166',1045),(2697,12,'Economy','f167',1045),(2698,12,'Economy','f168',1045),(2699,12,'Economy','f169',1045),(2700,12,'Economy','f170',1045),(2701,12,'Economy','f171',1045),(2702,12,'Economy','f172',1045),(2703,12,'Economy','f173',1045),(2704,12,'Economy','f174',1045),(2705,12,'Economy','f175',1045),(2706,12,'Economy','f176',1045),(2707,12,'Economy','f177',1045),(2708,12,'Economy','f178',1045),(2709,12,'Economy','f179',1045),(2710,12,'Economy','f180',1045),(2711,12,'Economy','f181',1045),(2712,12,'Economy','f182',1045),(2713,12,'Economy','f183',1045),(2714,12,'Economy','f184',1045),(2715,12,'Economy','f185',1045),(2716,12,'Economy','f186',1045),(2717,12,'Economy','f187',1045),(2718,12,'Economy','f188',1045),(2719,12,'Economy','f189',1045),(2720,12,'Economy','f190',1045),(2721,12,'Economy','f191',1045),(2722,12,'Economy','f192',1045),(2723,12,'Economy','f193',1045),(2724,12,'Economy','f194',1045),(2725,12,'Economy','f195',1045),(2726,12,'Economy','f196',1045),(2727,12,'Economy','f197',1045),(2728,12,'Economy','f198',1045),(2729,12,'Economy','f199',1045),(2730,12,'Bussiness','t200',1045),(2731,12,'Bussiness','t201',1045),(2732,12,'Bussiness','t202',1045),(2733,12,'Bussiness','t203',1045),(2734,12,'Bussiness','t204',1045),(2735,12,'Bussiness','t205',1045),(2736,12,'Bussiness','t206',1045),(2737,12,'Bussiness','t207',1045),(2738,12,'Bussiness','t208',1045),(2739,12,'Bussiness','t209',1045),(2740,12,'Bussiness','t210',1045),(2741,12,'Bussiness','t211',1045),(2742,12,'Bussiness','t212',1045),(2743,12,'Bussiness','t213',1045),(2744,12,'Bussiness','t214',1045),(2745,12,'Bussiness','t215',1045),(2746,12,'Bussiness','t216',1045),(2747,12,'Bussiness','t217',1045),(2748,12,'Bussiness','t218',1045),(2749,12,'Bussiness','t219',1045),(2750,12,'Bussiness','t220',1045),(2751,12,'Bussiness','t221',1045),(2752,12,'Bussiness','t222',1045),(2753,12,'Bussiness','t223',1045),(2754,12,'Bussiness','t224',1045),(2755,12,'Bussiness','t225',1045),(2756,12,'Bussiness','t226',1045),(2757,12,'Bussiness','t227',1045),(2758,12,'Bussiness','t228',1045),(2759,12,'Bussiness','t229',1045),(2760,12,'Bussiness','t230',1045),(2761,12,'Bussiness','t231',1045),(2762,12,'Bussiness','t232',1045),(2763,12,'Bussiness','t233',1045),(2764,12,'Bussiness','t234',1045),(2765,12,'Bussiness','t235',1045),(2766,12,'Bussiness','t236',1045),(2767,12,'Bussiness','t237',1045),(2768,12,'Bussiness','t238',1045),(2769,12,'Bussiness','t239',1045),(2770,12,'Bussiness','t240',1045),(2771,12,'Bussiness','t241',1045),(2772,12,'Bussiness','t242',1045),(2773,12,'Bussiness','t243',1045),(2774,12,'Bussiness','t244',1045),(2775,12,'Bussiness','t245',1045),(2776,12,'Bussiness','t246',1045),(2777,12,'Bussiness','t247',1045),(2778,12,'Bussiness','t248',1045),(2779,12,'Bussiness','t249',1045),(2780,12,'Economy','f0',1046),(2781,12,'Economy','f1',1046),(2782,12,'Economy','f2',1046),(2783,12,'Economy','f3',1046),(2784,12,'Economy','f4',1046),(2785,12,'Economy','f5',1046),(2786,12,'Economy','f6',1046),(2787,12,'Economy','f7',1046),(2788,12,'Economy','f8',1046),(2789,12,'Economy','f9',1046),(2790,12,'Economy','f10',1046),(2791,12,'Economy','f11',1046),(2792,12,'Economy','f12',1046),(2793,12,'Economy','f13',1046),(2794,12,'Economy','f14',1046),(2795,12,'Economy','f15',1046),(2796,12,'Economy','f16',1046),(2797,12,'Economy','f17',1046),(2798,12,'Economy','f18',1046),(2799,12,'Economy','f19',1046),(2800,12,'Economy','f20',1046),(2801,12,'Economy','f21',1046),(2802,12,'Economy','f22',1046),(2803,12,'Economy','f23',1046),(2804,12,'Economy','f24',1046),(2805,12,'Economy','f25',1046),(2806,12,'Economy','f26',1046),(2807,12,'Economy','f27',1046),(2808,12,'Economy','f28',1046),(2809,12,'Economy','f29',1046),(2810,12,'Economy','f30',1046),(2811,12,'Economy','f31',1046),(2812,12,'Economy','f32',1046),(2813,12,'Economy','f33',1046),(2814,12,'Economy','f34',1046),(2815,12,'Economy','f35',1046),(2816,12,'Economy','f36',1046),(2817,12,'Economy','f37',1046),(2818,12,'Economy','f38',1046),(2819,12,'Economy','f39',1046),(2820,12,'Economy','f40',1046),(2821,12,'Economy','f41',1046),(2822,12,'Economy','f42',1046),(2823,12,'Economy','f43',1046),(2824,12,'Economy','f44',1046),(2825,12,'Economy','f45',1046),(2826,12,'Economy','f46',1046),(2827,12,'Economy','f47',1046),(2828,12,'Economy','f48',1046),(2829,12,'Economy','f49',1046),(2830,12,'Economy','f50',1046),(2831,12,'Economy','f51',1046),(2832,12,'Economy','f52',1046),(2833,12,'Economy','f53',1046),(2834,12,'Economy','f54',1046),(2835,12,'Economy','f55',1046),(2836,12,'Economy','f56',1046),(2837,12,'Economy','f57',1046),(2838,12,'Economy','f58',1046),(2839,12,'Economy','f59',1046),(2840,12,'Economy','f60',1046),(2841,12,'Economy','f61',1046),(2842,12,'Economy','f62',1046),(2843,12,'Economy','f63',1046),(2844,12,'Economy','f64',1046),(2845,12,'Economy','f65',1046),(2846,12,'Economy','f66',1046),(2847,12,'Economy','f67',1046),(2848,12,'Economy','f68',1046),(2849,12,'Economy','f69',1046),(2850,12,'Economy','f70',1046),(2851,12,'Economy','f71',1046),(2852,12,'Economy','f72',1046),(2853,12,'Economy','f73',1046),(2854,12,'Economy','f74',1046),(2855,12,'Economy','f75',1046),(2856,12,'Economy','f76',1046),(2857,12,'Economy','f77',1046),(2858,12,'Economy','f78',1046),(2859,12,'Economy','f79',1046),(2860,12,'Economy','f80',1046),(2861,12,'Economy','f81',1046),(2862,12,'Economy','f82',1046),(2863,12,'Economy','f83',1046),(2864,12,'Economy','f84',1046),(2865,12,'Economy','f85',1046),(2866,12,'Economy','f86',1046),(2867,12,'Economy','f87',1046),(2868,12,'Economy','f88',1046),(2869,12,'Economy','f89',1046),(2870,12,'Economy','f90',1046),(2871,12,'Economy','f91',1046),(2872,12,'Economy','f92',1046),(2873,12,'Economy','f93',1046),(2874,12,'Economy','f94',1046),(2875,12,'Economy','f95',1046),(2876,12,'Economy','f96',1046),(2877,12,'Economy','f97',1046),(2878,12,'Economy','f98',1046),(2879,12,'Economy','f99',1046),(2880,12,'Economy','f100',1046),(2881,12,'Economy','f101',1046),(2882,12,'Economy','f102',1046),(2883,12,'Economy','f103',1046),(2884,12,'Economy','f104',1046),(2885,12,'Economy','f105',1046),(2886,12,'Economy','f106',1046),(2887,12,'Economy','f107',1046),(2888,12,'Economy','f108',1046),(2889,12,'Economy','f109',1046),(2890,12,'Economy','f110',1046),(2891,12,'Economy','f111',1046),(2892,12,'Economy','f112',1046),(2893,12,'Economy','f113',1046),(2894,12,'Economy','f114',1046),(2895,12,'Economy','f115',1046),(2896,12,'Economy','f116',1046),(2897,12,'Economy','f117',1046),(2898,12,'Economy','f118',1046),(2899,12,'Economy','f119',1046),(2900,12,'Economy','f120',1046),(2901,12,'Economy','f121',1046),(2902,12,'Economy','f122',1046),(2903,12,'Economy','f123',1046),(2904,12,'Economy','f124',1046),(2905,12,'Economy','f125',1046),(2906,12,'Economy','f126',1046),(2907,12,'Economy','f127',1046),(2908,12,'Economy','f128',1046),(2909,12,'Economy','f129',1046),(2910,12,'Economy','f130',1046),(2911,12,'Economy','f131',1046),(2912,12,'Economy','f132',1046),(2913,12,'Economy','f133',1046),(2914,12,'Economy','f134',1046),(2915,12,'Economy','f135',1046),(2916,12,'Economy','f136',1046),(2917,12,'Economy','f137',1046),(2918,12,'Economy','f138',1046),(2919,12,'Economy','f139',1046),(2920,12,'Economy','f140',1046),(2921,12,'Economy','f141',1046),(2922,12,'Economy','f142',1046),(2923,12,'Economy','f143',1046),(2924,12,'Economy','f144',1046),(2925,12,'Economy','f145',1046),(2926,12,'Economy','f146',1046),(2927,12,'Economy','f147',1046),(2928,12,'Economy','f148',1046),(2929,12,'Economy','f149',1046),(2930,12,'Economy','f150',1046),(2931,12,'Economy','f151',1046),(2932,12,'Economy','f152',1046),(2933,12,'Economy','f153',1046),(2934,12,'Economy','f154',1046),(2935,12,'Economy','f155',1046),(2936,12,'Economy','f156',1046),(2937,12,'Economy','f157',1046),(2938,12,'Economy','f158',1046),(2939,12,'Economy','f159',1046),(2940,12,'Economy','f160',1046),(2941,12,'Economy','f161',1046),(2942,12,'Economy','f162',1046),(2943,12,'Economy','f163',1046),(2944,12,'Economy','f164',1046),(2945,12,'Economy','f165',1046),(2946,12,'Economy','f166',1046),(2947,12,'Economy','f167',1046),(2948,12,'Economy','f168',1046),(2949,12,'Economy','f169',1046),(2950,12,'Economy','f170',1046),(2951,12,'Economy','f171',1046),(2952,12,'Economy','f172',1046),(2953,12,'Economy','f173',1046),(2954,12,'Economy','f174',1046),(2955,12,'Economy','f175',1046),(2956,12,'Economy','f176',1046),(2957,12,'Economy','f177',1046),(2958,12,'Economy','f178',1046),(2959,12,'Economy','f179',1046),(2960,12,'Economy','f180',1046),(2961,12,'Economy','f181',1046),(2962,12,'Economy','f182',1046),(2963,12,'Economy','f183',1046),(2964,12,'Economy','f184',1046),(2965,12,'Economy','f185',1046),(2966,12,'Economy','f186',1046),(2967,12,'Economy','f187',1046),(2968,12,'Economy','f188',1046),(2969,12,'Economy','f189',1046),(2970,12,'Economy','f190',1046),(2971,12,'Economy','f191',1046),(2972,12,'Economy','f192',1046),(2973,12,'Economy','f193',1046),(2974,12,'Economy','f194',1046),(2975,12,'Economy','f195',1046),(2976,12,'Economy','f196',1046),(2977,12,'Economy','f197',1046),(2978,12,'Economy','f198',1046),(2979,12,'Economy','f199',1046),(2980,12,'Bussiness','t200',1046),(2981,12,'Bussiness','t201',1046),(2982,12,'Bussiness','t202',1046),(2983,12,'Bussiness','t203',1046),(2984,12,'Bussiness','t204',1046),(2985,12,'Bussiness','t205',1046),(2986,12,'Bussiness','t206',1046),(2987,12,'Bussiness','t207',1046),(2988,12,'Bussiness','t208',1046),(2989,12,'Bussiness','t209',1046),(2990,12,'Bussiness','t210',1046),(2991,12,'Bussiness','t211',1046),(2992,12,'Bussiness','t212',1046),(2993,12,'Bussiness','t213',1046),(2994,12,'Bussiness','t214',1046),(2995,12,'Bussiness','t215',1046),(2996,12,'Bussiness','t216',1046),(2997,12,'Bussiness','t217',1046),(2998,12,'Bussiness','t218',1046),(2999,12,'Bussiness','t219',1046),(3000,12,'Bussiness','t220',1046),(3001,12,'Bussiness','t221',1046),(3002,12,'Bussiness','t222',1046),(3003,12,'Bussiness','t223',1046),(3004,12,'Bussiness','t224',1046),(3005,12,'Bussiness','t225',1046),(3006,12,'Bussiness','t226',1046),(3007,12,'Bussiness','t227',1046),(3008,12,'Bussiness','t228',1046),(3009,12,'Bussiness','t229',1046),(3010,12,'Bussiness','t230',1046),(3011,12,'Bussiness','t231',1046),(3012,12,'Bussiness','t232',1046),(3013,12,'Bussiness','t233',1046),(3014,12,'Bussiness','t234',1046),(3015,12,'Bussiness','t235',1046),(3016,12,'Bussiness','t236',1046),(3017,12,'Bussiness','t237',1046),(3018,12,'Bussiness','t238',1046),(3019,12,'Bussiness','t239',1046),(3020,12,'Bussiness','t240',1046),(3021,12,'Bussiness','t241',1046),(3022,12,'Bussiness','t242',1046),(3023,12,'Bussiness','t243',1046),(3024,12,'Bussiness','t244',1046),(3025,12,'Bussiness','t245',1046),(3026,12,'Bussiness','t246',1046),(3027,12,'Bussiness','t247',1046),(3028,12,'Bussiness','t248',1046),(3029,12,'Bussiness','t249',1046),(3030,12,'Economy','f0',1047),(3031,12,'Economy','f1',1047),(3032,12,'Economy','f2',1047),(3033,12,'Economy','f3',1047),(3034,12,'Economy','f4',1047),(3035,12,'Economy','f5',1047),(3036,12,'Economy','f6',1047),(3037,12,'Economy','f7',1047),(3038,12,'Economy','f8',1047),(3039,12,'Economy','f9',1047),(3040,12,'Economy','f10',1047),(3041,12,'Economy','f11',1047),(3042,12,'Economy','f12',1047),(3043,12,'Economy','f13',1047),(3044,12,'Economy','f14',1047),(3045,12,'Economy','f15',1047),(3046,12,'Economy','f16',1047),(3047,12,'Economy','f17',1047),(3048,12,'Economy','f18',1047),(3049,12,'Economy','f19',1047),(3050,12,'Economy','f20',1047),(3051,12,'Economy','f21',1047),(3052,12,'Economy','f22',1047),(3053,12,'Economy','f23',1047),(3054,12,'Economy','f24',1047),(3055,12,'Economy','f25',1047),(3056,12,'Economy','f26',1047),(3057,12,'Economy','f27',1047),(3058,12,'Economy','f28',1047),(3059,12,'Economy','f29',1047),(3060,12,'Economy','f30',1047),(3061,12,'Economy','f31',1047),(3062,12,'Economy','f32',1047),(3063,12,'Economy','f33',1047),(3064,12,'Economy','f34',1047),(3065,12,'Economy','f35',1047),(3066,12,'Economy','f36',1047),(3067,12,'Economy','f37',1047),(3068,12,'Economy','f38',1047),(3069,12,'Economy','f39',1047),(3070,12,'Economy','f40',1047),(3071,12,'Economy','f41',1047),(3072,12,'Economy','f42',1047),(3073,12,'Economy','f43',1047),(3074,12,'Economy','f44',1047),(3075,12,'Economy','f45',1047),(3076,12,'Economy','f46',1047),(3077,12,'Economy','f47',1047),(3078,12,'Economy','f48',1047),(3079,12,'Economy','f49',1047),(3080,12,'Economy','f50',1047),(3081,12,'Economy','f51',1047),(3082,12,'Economy','f52',1047),(3083,12,'Economy','f53',1047),(3084,12,'Economy','f54',1047),(3085,12,'Economy','f55',1047),(3086,12,'Economy','f56',1047),(3087,12,'Economy','f57',1047),(3088,12,'Economy','f58',1047),(3089,12,'Economy','f59',1047),(3090,12,'Economy','f60',1047),(3091,12,'Economy','f61',1047),(3092,12,'Economy','f62',1047),(3093,12,'Economy','f63',1047),(3094,12,'Economy','f64',1047),(3095,12,'Economy','f65',1047),(3096,12,'Economy','f66',1047),(3097,12,'Economy','f67',1047),(3098,12,'Economy','f68',1047),(3099,12,'Economy','f69',1047),(3100,12,'Economy','f70',1047),(3101,12,'Economy','f71',1047),(3102,12,'Economy','f72',1047),(3103,12,'Economy','f73',1047),(3104,12,'Economy','f74',1047),(3105,12,'Economy','f75',1047),(3106,12,'Economy','f76',1047),(3107,12,'Economy','f77',1047),(3108,12,'Economy','f78',1047),(3109,12,'Economy','f79',1047),(3110,12,'Economy','f80',1047),(3111,12,'Economy','f81',1047),(3112,12,'Economy','f82',1047),(3113,12,'Economy','f83',1047),(3114,12,'Economy','f84',1047),(3115,12,'Economy','f85',1047),(3116,12,'Economy','f86',1047),(3117,12,'Economy','f87',1047),(3118,12,'Economy','f88',1047),(3119,12,'Economy','f89',1047),(3120,12,'Economy','f90',1047),(3121,12,'Economy','f91',1047),(3122,12,'Economy','f92',1047),(3123,12,'Economy','f93',1047),(3124,12,'Economy','f94',1047),(3125,12,'Economy','f95',1047),(3126,12,'Economy','f96',1047),(3127,12,'Economy','f97',1047),(3128,12,'Economy','f98',1047),(3129,12,'Economy','f99',1047),(3130,12,'Economy','f100',1047),(3131,12,'Economy','f101',1047),(3132,12,'Economy','f102',1047),(3133,12,'Economy','f103',1047),(3134,12,'Economy','f104',1047),(3135,12,'Economy','f105',1047),(3136,12,'Economy','f106',1047),(3137,12,'Economy','f107',1047),(3138,12,'Economy','f108',1047),(3139,12,'Economy','f109',1047),(3140,12,'Economy','f110',1047),(3141,12,'Economy','f111',1047),(3142,12,'Economy','f112',1047),(3143,12,'Economy','f113',1047),(3144,12,'Economy','f114',1047),(3145,12,'Economy','f115',1047),(3146,12,'Economy','f116',1047),(3147,12,'Economy','f117',1047),(3148,12,'Economy','f118',1047),(3149,12,'Economy','f119',1047),(3150,12,'Economy','f120',1047),(3151,12,'Economy','f121',1047),(3152,12,'Economy','f122',1047),(3153,12,'Economy','f123',1047),(3154,12,'Economy','f124',1047),(3155,12,'Economy','f125',1047),(3156,12,'Economy','f126',1047),(3157,12,'Economy','f127',1047),(3158,12,'Economy','f128',1047),(3159,12,'Economy','f129',1047),(3160,12,'Economy','f130',1047),(3161,12,'Economy','f131',1047),(3162,12,'Economy','f132',1047),(3163,12,'Economy','f133',1047),(3164,12,'Economy','f134',1047),(3165,12,'Economy','f135',1047),(3166,12,'Economy','f136',1047),(3167,12,'Economy','f137',1047),(3168,12,'Economy','f138',1047),(3169,12,'Economy','f139',1047),(3170,12,'Economy','f140',1047),(3171,12,'Economy','f141',1047),(3172,12,'Economy','f142',1047),(3173,12,'Economy','f143',1047),(3174,12,'Economy','f144',1047),(3175,12,'Economy','f145',1047),(3176,12,'Economy','f146',1047),(3177,12,'Economy','f147',1047),(3178,12,'Economy','f148',1047),(3179,12,'Economy','f149',1047),(3180,12,'Economy','f150',1047),(3181,12,'Economy','f151',1047),(3182,12,'Economy','f152',1047),(3183,12,'Economy','f153',1047),(3184,12,'Economy','f154',1047),(3185,12,'Economy','f155',1047),(3186,12,'Economy','f156',1047),(3187,12,'Economy','f157',1047),(3188,12,'Economy','f158',1047),(3189,12,'Economy','f159',1047),(3190,12,'Economy','f160',1047),(3191,12,'Economy','f161',1047),(3192,12,'Economy','f162',1047),(3193,12,'Economy','f163',1047),(3194,12,'Economy','f164',1047),(3195,12,'Economy','f165',1047),(3196,12,'Economy','f166',1047),(3197,12,'Economy','f167',1047),(3198,12,'Economy','f168',1047),(3199,12,'Economy','f169',1047),(3200,12,'Economy','f170',1047),(3201,12,'Economy','f171',1047),(3202,12,'Economy','f172',1047),(3203,12,'Economy','f173',1047),(3204,12,'Economy','f174',1047),(3205,12,'Economy','f175',1047),(3206,12,'Economy','f176',1047),(3207,12,'Economy','f177',1047),(3208,12,'Economy','f178',1047),(3209,12,'Economy','f179',1047),(3210,12,'Economy','f180',1047),(3211,12,'Economy','f181',1047),(3212,12,'Economy','f182',1047),(3213,12,'Economy','f183',1047),(3214,12,'Economy','f184',1047),(3215,12,'Economy','f185',1047),(3216,12,'Economy','f186',1047),(3217,12,'Economy','f187',1047),(3218,12,'Economy','f188',1047),(3219,12,'Economy','f189',1047),(3220,12,'Economy','f190',1047),(3221,12,'Economy','f191',1047),(3222,12,'Economy','f192',1047),(3223,12,'Economy','f193',1047),(3224,12,'Economy','f194',1047),(3225,12,'Economy','f195',1047),(3226,12,'Economy','f196',1047),(3227,12,'Economy','f197',1047),(3228,12,'Economy','f198',1047),(3229,12,'Economy','f199',1047),(3230,12,'Bussiness','t200',1047),(3231,12,'Bussiness','t201',1047),(3232,12,'Bussiness','t202',1047),(3233,12,'Bussiness','t203',1047),(3234,12,'Bussiness','t204',1047),(3235,12,'Bussiness','t205',1047),(3236,12,'Bussiness','t206',1047),(3237,12,'Bussiness','t207',1047),(3238,12,'Bussiness','t208',1047),(3239,12,'Bussiness','t209',1047),(3240,12,'Bussiness','t210',1047),(3241,12,'Bussiness','t211',1047),(3242,12,'Bussiness','t212',1047),(3243,12,'Bussiness','t213',1047),(3244,12,'Bussiness','t214',1047),(3245,12,'Bussiness','t215',1047),(3246,12,'Bussiness','t216',1047),(3247,12,'Bussiness','t217',1047),(3248,12,'Bussiness','t218',1047),(3249,12,'Bussiness','t219',1047),(3250,12,'Bussiness','t220',1047),(3251,12,'Bussiness','t221',1047),(3252,12,'Bussiness','t222',1047),(3253,12,'Bussiness','t223',1047),(3254,12,'Bussiness','t224',1047),(3255,12,'Bussiness','t225',1047),(3256,12,'Bussiness','t226',1047),(3257,12,'Bussiness','t227',1047),(3258,12,'Bussiness','t228',1047),(3259,12,'Bussiness','t229',1047),(3260,12,'Bussiness','t230',1047),(3261,12,'Bussiness','t231',1047),(3262,12,'Bussiness','t232',1047),(3263,12,'Bussiness','t233',1047),(3264,12,'Bussiness','t234',1047),(3265,12,'Bussiness','t235',1047),(3266,12,'Bussiness','t236',1047),(3267,12,'Bussiness','t237',1047),(3268,12,'Bussiness','t238',1047),(3269,12,'Bussiness','t239',1047),(3270,12,'Bussiness','t240',1047),(3271,12,'Bussiness','t241',1047),(3272,12,'Bussiness','t242',1047),(3273,12,'Bussiness','t243',1047),(3274,12,'Bussiness','t244',1047),(3275,12,'Bussiness','t245',1047),(3276,12,'Bussiness','t246',1047),(3277,12,'Bussiness','t247',1047),(3278,12,'Bussiness','t248',1047),(3279,12,'Bussiness','t249',1047),(3280,12,'Economy','f0',1048),(3281,12,'Economy','f1',1048),(3282,12,'Economy','f2',1048),(3283,12,'Economy','f3',1048),(3284,12,'Economy','f4',1048),(3285,12,'Economy','f5',1048),(3286,12,'Economy','f6',1048),(3287,12,'Economy','f7',1048),(3288,12,'Economy','f8',1048),(3289,12,'Economy','f9',1048),(3290,12,'Economy','f10',1048),(3291,12,'Economy','f11',1048),(3292,12,'Economy','f12',1048),(3293,12,'Economy','f13',1048),(3294,12,'Economy','f14',1048),(3295,12,'Economy','f15',1048),(3296,12,'Economy','f16',1048),(3297,12,'Economy','f17',1048),(3298,12,'Economy','f18',1048),(3299,12,'Economy','f19',1048),(3300,12,'Economy','f20',1048),(3301,12,'Economy','f21',1048),(3302,12,'Economy','f22',1048),(3303,12,'Economy','f23',1048),(3304,12,'Economy','f24',1048),(3305,12,'Economy','f25',1048),(3306,12,'Economy','f26',1048),(3307,12,'Economy','f27',1048),(3308,12,'Economy','f28',1048),(3309,12,'Economy','f29',1048),(3310,12,'Economy','f30',1048),(3311,12,'Economy','f31',1048),(3312,12,'Economy','f32',1048),(3313,12,'Economy','f33',1048),(3314,12,'Economy','f34',1048),(3315,12,'Economy','f35',1048),(3316,12,'Economy','f36',1048),(3317,12,'Economy','f37',1048),(3318,12,'Economy','f38',1048),(3319,12,'Economy','f39',1048),(3320,12,'Economy','f40',1048),(3321,12,'Economy','f41',1048),(3322,12,'Economy','f42',1048),(3323,12,'Economy','f43',1048),(3324,12,'Economy','f44',1048),(3325,12,'Economy','f45',1048),(3326,12,'Economy','f46',1048),(3327,12,'Economy','f47',1048),(3328,12,'Economy','f48',1048),(3329,12,'Economy','f49',1048),(3330,12,'Economy','f50',1048),(3331,12,'Economy','f51',1048),(3332,12,'Economy','f52',1048),(3333,12,'Economy','f53',1048),(3334,12,'Economy','f54',1048),(3335,12,'Economy','f55',1048),(3336,12,'Economy','f56',1048),(3337,12,'Economy','f57',1048),(3338,12,'Economy','f58',1048),(3339,12,'Economy','f59',1048),(3340,12,'Economy','f60',1048),(3341,12,'Economy','f61',1048),(3342,12,'Economy','f62',1048),(3343,12,'Economy','f63',1048),(3344,12,'Economy','f64',1048),(3345,12,'Economy','f65',1048),(3346,12,'Economy','f66',1048),(3347,12,'Economy','f67',1048),(3348,12,'Economy','f68',1048),(3349,12,'Economy','f69',1048),(3350,12,'Economy','f70',1048),(3351,12,'Economy','f71',1048),(3352,12,'Economy','f72',1048),(3353,12,'Economy','f73',1048),(3354,12,'Economy','f74',1048),(3355,12,'Economy','f75',1048),(3356,12,'Economy','f76',1048),(3357,12,'Economy','f77',1048),(3358,12,'Economy','f78',1048),(3359,12,'Economy','f79',1048),(3360,12,'Economy','f80',1048),(3361,12,'Economy','f81',1048),(3362,12,'Economy','f82',1048),(3363,12,'Economy','f83',1048),(3364,12,'Economy','f84',1048),(3365,12,'Economy','f85',1048),(3366,12,'Economy','f86',1048),(3367,12,'Economy','f87',1048),(3368,12,'Economy','f88',1048),(3369,12,'Economy','f89',1048),(3370,12,'Economy','f90',1048),(3371,12,'Economy','f91',1048),(3372,12,'Economy','f92',1048),(3373,12,'Economy','f93',1048),(3374,12,'Economy','f94',1048),(3375,12,'Economy','f95',1048),(3376,12,'Economy','f96',1048),(3377,12,'Economy','f97',1048),(3378,12,'Economy','f98',1048),(3379,12,'Economy','f99',1048),(3380,12,'Economy','f100',1048),(3381,12,'Economy','f101',1048),(3382,12,'Economy','f102',1048),(3383,12,'Economy','f103',1048),(3384,12,'Economy','f104',1048),(3385,12,'Economy','f105',1048),(3386,12,'Economy','f106',1048),(3387,12,'Economy','f107',1048),(3388,12,'Economy','f108',1048),(3389,12,'Economy','f109',1048),(3390,12,'Economy','f110',1048),(3391,12,'Economy','f111',1048),(3392,12,'Economy','f112',1048),(3393,12,'Economy','f113',1048),(3394,12,'Economy','f114',1048),(3395,12,'Economy','f115',1048),(3396,12,'Economy','f116',1048),(3397,12,'Economy','f117',1048),(3398,12,'Economy','f118',1048),(3399,12,'Economy','f119',1048),(3400,12,'Economy','f120',1048),(3401,12,'Economy','f121',1048),(3402,12,'Economy','f122',1048),(3403,12,'Economy','f123',1048),(3404,12,'Economy','f124',1048),(3405,12,'Economy','f125',1048),(3406,12,'Economy','f126',1048),(3407,12,'Economy','f127',1048),(3408,12,'Economy','f128',1048),(3409,12,'Economy','f129',1048),(3410,12,'Economy','f130',1048),(3411,12,'Economy','f131',1048),(3412,12,'Economy','f132',1048),(3413,12,'Economy','f133',1048),(3414,12,'Economy','f134',1048),(3415,12,'Economy','f135',1048),(3416,12,'Economy','f136',1048),(3417,12,'Economy','f137',1048),(3418,12,'Economy','f138',1048),(3419,12,'Economy','f139',1048),(3420,12,'Economy','f140',1048),(3421,12,'Economy','f141',1048),(3422,12,'Economy','f142',1048),(3423,12,'Economy','f143',1048),(3424,12,'Economy','f144',1048),(3425,12,'Economy','f145',1048),(3426,12,'Economy','f146',1048),(3427,12,'Economy','f147',1048),(3428,12,'Economy','f148',1048),(3429,12,'Economy','f149',1048),(3430,12,'Economy','f150',1048),(3431,12,'Economy','f151',1048),(3432,12,'Economy','f152',1048),(3433,12,'Economy','f153',1048),(3434,12,'Economy','f154',1048),(3435,12,'Economy','f155',1048),(3436,12,'Economy','f156',1048),(3437,12,'Economy','f157',1048),(3438,12,'Economy','f158',1048),(3439,12,'Economy','f159',1048),(3440,12,'Economy','f160',1048),(3441,12,'Economy','f161',1048),(3442,12,'Economy','f162',1048),(3443,12,'Economy','f163',1048),(3444,12,'Economy','f164',1048),(3445,12,'Economy','f165',1048),(3446,12,'Economy','f166',1048),(3447,12,'Economy','f167',1048),(3448,12,'Economy','f168',1048),(3449,12,'Economy','f169',1048),(3450,12,'Economy','f170',1048),(3451,12,'Economy','f171',1048),(3452,12,'Economy','f172',1048),(3453,12,'Economy','f173',1048),(3454,12,'Economy','f174',1048),(3455,12,'Economy','f175',1048),(3456,12,'Economy','f176',1048),(3457,12,'Economy','f177',1048),(3458,12,'Economy','f178',1048),(3459,12,'Economy','f179',1048),(3460,12,'Economy','f180',1048),(3461,12,'Economy','f181',1048),(3462,12,'Economy','f182',1048),(3463,12,'Economy','f183',1048),(3464,12,'Economy','f184',1048),(3465,12,'Economy','f185',1048),(3466,12,'Economy','f186',1048),(3467,12,'Economy','f187',1048),(3468,12,'Economy','f188',1048),(3469,12,'Economy','f189',1048),(3470,12,'Economy','f190',1048),(3471,12,'Economy','f191',1048),(3472,12,'Economy','f192',1048),(3473,12,'Economy','f193',1048),(3474,12,'Economy','f194',1048),(3475,12,'Economy','f195',1048),(3476,12,'Economy','f196',1048),(3477,12,'Economy','f197',1048),(3478,12,'Economy','f198',1048),(3479,12,'Economy','f199',1048),(3480,12,'Bussiness','t200',1048),(3481,12,'Bussiness','t201',1048),(3482,12,'Bussiness','t202',1048),(3483,12,'Bussiness','t203',1048),(3484,12,'Bussiness','t204',1048),(3485,12,'Bussiness','t205',1048),(3486,12,'Bussiness','t206',1048),(3487,12,'Bussiness','t207',1048),(3488,12,'Bussiness','t208',1048),(3489,12,'Bussiness','t209',1048),(3490,12,'Bussiness','t210',1048),(3491,12,'Bussiness','t211',1048),(3492,12,'Bussiness','t212',1048),(3493,12,'Bussiness','t213',1048),(3494,12,'Bussiness','t214',1048),(3495,12,'Bussiness','t215',1048),(3496,12,'Bussiness','t216',1048),(3497,12,'Bussiness','t217',1048),(3498,12,'Bussiness','t218',1048),(3499,12,'Bussiness','t219',1048),(3500,12,'Bussiness','t220',1048),(3501,12,'Bussiness','t221',1048),(3502,12,'Bussiness','t222',1048),(3503,12,'Bussiness','t223',1048),(3504,12,'Bussiness','t224',1048),(3505,12,'Bussiness','t225',1048),(3506,12,'Bussiness','t226',1048),(3507,12,'Bussiness','t227',1048),(3508,12,'Bussiness','t228',1048),(3509,12,'Bussiness','t229',1048),(3510,12,'Bussiness','t230',1048),(3511,12,'Bussiness','t231',1048),(3512,12,'Bussiness','t232',1048),(3513,12,'Bussiness','t233',1048),(3514,12,'Bussiness','t234',1048),(3515,12,'Bussiness','t235',1048),(3516,12,'Bussiness','t236',1048),(3517,12,'Bussiness','t237',1048),(3518,12,'Bussiness','t238',1048),(3519,12,'Bussiness','t239',1048),(3520,12,'Bussiness','t240',1048),(3521,12,'Bussiness','t241',1048),(3522,12,'Bussiness','t242',1048),(3523,12,'Bussiness','t243',1048),(3524,12,'Bussiness','t244',1048),(3525,12,'Bussiness','t245',1048),(3526,12,'Bussiness','t246',1048),(3527,12,'Bussiness','t247',1048),(3528,12,'Bussiness','t248',1048),(3529,12,'Bussiness','t249',1048),(3780,12,'Economy','f0',1049),(3781,12,'Economy','f1',1049),(3782,12,'Economy','f2',1049),(3783,12,'Economy','f3',1049),(3784,12,'Economy','f4',1049),(3785,12,'Economy','f5',1049),(3786,12,'Economy','f6',1049),(3787,12,'Economy','f7',1049),(3788,12,'Economy','f8',1049),(3789,12,'Economy','f9',1049),(3790,12,'Economy','f10',1049),(3791,12,'Economy','f11',1049),(3792,12,'Economy','f12',1049),(3793,12,'Economy','f13',1049),(3794,12,'Economy','f14',1049),(3795,12,'Economy','f15',1049),(3796,12,'Economy','f16',1049),(3797,12,'Economy','f17',1049),(3798,12,'Economy','f18',1049),(3799,12,'Economy','f19',1049),(3800,12,'Economy','f20',1049),(3801,12,'Economy','f21',1049),(3802,12,'Economy','f22',1049),(3803,12,'Economy','f23',1049),(3804,12,'Economy','f24',1049),(3805,12,'Economy','f25',1049),(3806,12,'Economy','f26',1049),(3807,12,'Economy','f27',1049),(3808,12,'Economy','f28',1049),(3809,12,'Economy','f29',1049),(3810,12,'Economy','f30',1049),(3811,12,'Economy','f31',1049),(3812,12,'Economy','f32',1049),(3813,12,'Economy','f33',1049),(3814,12,'Economy','f34',1049),(3815,12,'Economy','f35',1049),(3816,12,'Economy','f36',1049),(3817,12,'Economy','f37',1049),(3818,12,'Economy','f38',1049),(3819,12,'Economy','f39',1049),(3820,12,'Economy','f40',1049),(3821,12,'Economy','f41',1049),(3822,12,'Economy','f42',1049),(3823,12,'Economy','f43',1049),(3824,12,'Economy','f44',1049),(3825,12,'Economy','f45',1049),(3826,12,'Economy','f46',1049),(3827,12,'Economy','f47',1049),(3828,12,'Economy','f48',1049),(3829,12,'Economy','f49',1049),(3830,12,'Economy','f50',1049),(3831,12,'Economy','f51',1049),(3832,12,'Economy','f52',1049),(3833,12,'Economy','f53',1049),(3834,12,'Economy','f54',1049),(3835,12,'Economy','f55',1049),(3836,12,'Economy','f56',1049),(3837,12,'Economy','f57',1049),(3838,12,'Economy','f58',1049),(3839,12,'Economy','f59',1049),(3840,12,'Economy','f60',1049),(3841,12,'Economy','f61',1049),(3842,12,'Economy','f62',1049),(3843,12,'Economy','f63',1049),(3844,12,'Economy','f64',1049),(3845,12,'Economy','f65',1049),(3846,12,'Economy','f66',1049),(3847,12,'Economy','f67',1049),(3848,12,'Economy','f68',1049),(3849,12,'Economy','f69',1049),(3850,12,'Economy','f70',1049),(3851,12,'Economy','f71',1049),(3852,12,'Economy','f72',1049),(3853,12,'Economy','f73',1049),(3854,12,'Economy','f74',1049),(3855,12,'Economy','f75',1049),(3856,12,'Economy','f76',1049),(3857,12,'Economy','f77',1049),(3858,12,'Economy','f78',1049),(3859,12,'Economy','f79',1049),(3860,12,'Economy','f80',1049),(3861,12,'Economy','f81',1049),(3862,12,'Economy','f82',1049),(3863,12,'Economy','f83',1049),(3864,12,'Economy','f84',1049),(3865,12,'Economy','f85',1049),(3866,12,'Economy','f86',1049),(3867,12,'Economy','f87',1049),(3868,12,'Economy','f88',1049),(3869,12,'Economy','f89',1049),(3870,12,'Economy','f90',1049),(3871,12,'Economy','f91',1049),(3872,12,'Economy','f92',1049),(3873,12,'Economy','f93',1049),(3874,12,'Economy','f94',1049),(3875,12,'Economy','f95',1049),(3876,12,'Economy','f96',1049),(3877,12,'Economy','f97',1049),(3878,12,'Economy','f98',1049),(3879,12,'Economy','f99',1049),(3880,12,'Economy','f100',1049),(3881,12,'Economy','f101',1049),(3882,12,'Economy','f102',1049),(3883,12,'Economy','f103',1049),(3884,12,'Economy','f104',1049),(3885,12,'Economy','f105',1049),(3886,12,'Economy','f106',1049),(3887,12,'Economy','f107',1049),(3888,12,'Economy','f108',1049),(3889,12,'Economy','f109',1049),(3890,12,'Economy','f110',1049),(3891,12,'Economy','f111',1049),(3892,12,'Economy','f112',1049),(3893,12,'Economy','f113',1049),(3894,12,'Economy','f114',1049),(3895,12,'Economy','f115',1049),(3896,12,'Economy','f116',1049),(3897,12,'Economy','f117',1049),(3898,12,'Economy','f118',1049),(3899,12,'Economy','f119',1049),(3900,12,'Economy','f120',1049),(3901,12,'Economy','f121',1049),(3902,12,'Economy','f122',1049),(3903,12,'Economy','f123',1049),(3904,12,'Economy','f124',1049),(3905,12,'Economy','f125',1049),(3906,12,'Economy','f126',1049),(3907,12,'Economy','f127',1049),(3908,12,'Economy','f128',1049),(3909,12,'Economy','f129',1049),(3910,12,'Economy','f130',1049),(3911,12,'Economy','f131',1049),(3912,12,'Economy','f132',1049),(3913,12,'Economy','f133',1049),(3914,12,'Economy','f134',1049),(3915,12,'Economy','f135',1049),(3916,12,'Economy','f136',1049),(3917,12,'Economy','f137',1049),(3918,12,'Economy','f138',1049),(3919,12,'Economy','f139',1049),(3920,12,'Economy','f140',1049),(3921,12,'Economy','f141',1049),(3922,12,'Economy','f142',1049),(3923,12,'Economy','f143',1049),(3924,12,'Economy','f144',1049),(3925,12,'Economy','f145',1049),(3926,12,'Economy','f146',1049),(3927,12,'Economy','f147',1049),(3928,12,'Economy','f148',1049),(3929,12,'Economy','f149',1049),(3930,12,'Economy','f150',1049),(3931,12,'Economy','f151',1049),(3932,12,'Economy','f152',1049),(3933,12,'Economy','f153',1049),(3934,12,'Economy','f154',1049),(3935,12,'Economy','f155',1049),(3936,12,'Economy','f156',1049),(3937,12,'Economy','f157',1049),(3938,12,'Economy','f158',1049),(3939,12,'Economy','f159',1049),(3940,12,'Economy','f160',1049),(3941,12,'Economy','f161',1049),(3942,12,'Economy','f162',1049),(3943,12,'Economy','f163',1049),(3944,12,'Economy','f164',1049),(3945,12,'Economy','f165',1049),(3946,12,'Economy','f166',1049),(3947,12,'Economy','f167',1049),(3948,12,'Economy','f168',1049),(3949,12,'Economy','f169',1049),(3950,12,'Economy','f170',1049),(3951,12,'Economy','f171',1049),(3952,12,'Economy','f172',1049),(3953,12,'Economy','f173',1049),(3954,12,'Economy','f174',1049),(3955,12,'Economy','f175',1049),(3956,12,'Economy','f176',1049),(3957,12,'Economy','f177',1049),(3958,12,'Economy','f178',1049),(3959,12,'Economy','f179',1049),(3960,12,'Economy','f180',1049),(3961,12,'Economy','f181',1049),(3962,12,'Economy','f182',1049),(3963,12,'Economy','f183',1049),(3964,12,'Economy','f184',1049),(3965,12,'Economy','f185',1049),(3966,12,'Economy','f186',1049),(3967,12,'Economy','f187',1049),(3968,12,'Economy','f188',1049),(3969,12,'Economy','f189',1049),(3970,12,'Economy','f190',1049),(3971,12,'Economy','f191',1049),(3972,12,'Economy','f192',1049),(3973,12,'Economy','f193',1049),(3974,12,'Economy','f194',1049),(3975,12,'Economy','f195',1049),(3976,12,'Economy','f196',1049),(3977,12,'Economy','f197',1049),(3978,12,'Economy','f198',1049),(3979,12,'Economy','f199',1049),(3980,12,'Bussiness','t200',1049),(3981,12,'Bussiness','t201',1049),(3982,12,'Bussiness','t202',1049),(3983,12,'Bussiness','t203',1049),(3984,12,'Bussiness','t204',1049),(3985,12,'Bussiness','t205',1049),(3986,12,'Bussiness','t206',1049),(3987,12,'Bussiness','t207',1049),(3988,12,'Bussiness','t208',1049),(3989,12,'Bussiness','t209',1049),(3990,12,'Bussiness','t210',1049),(3991,12,'Bussiness','t211',1049),(3992,12,'Bussiness','t212',1049),(3993,12,'Bussiness','t213',1049),(3994,12,'Bussiness','t214',1049),(3995,12,'Bussiness','t215',1049),(3996,12,'Bussiness','t216',1049),(3997,12,'Bussiness','t217',1049),(3998,12,'Bussiness','t218',1049),(3999,12,'Bussiness','t219',1049),(4000,12,'Bussiness','t220',1049),(4001,12,'Bussiness','t221',1049),(4002,12,'Bussiness','t222',1049),(4003,12,'Bussiness','t223',1049),(4004,12,'Bussiness','t224',1049),(4005,12,'Bussiness','t225',1049),(4006,12,'Bussiness','t226',1049),(4007,12,'Bussiness','t227',1049),(4008,12,'Bussiness','t228',1049),(4009,12,'Bussiness','t229',1049),(4010,12,'Bussiness','t230',1049),(4011,12,'Bussiness','t231',1049),(4012,12,'Bussiness','t232',1049),(4013,12,'Bussiness','t233',1049),(4014,12,'Bussiness','t234',1049),(4015,12,'Bussiness','t235',1049),(4016,12,'Bussiness','t236',1049),(4017,12,'Bussiness','t237',1049),(4018,12,'Bussiness','t238',1049),(4019,12,'Bussiness','t239',1049),(4020,12,'Bussiness','t240',1049),(4021,12,'Bussiness','t241',1049),(4022,12,'Bussiness','t242',1049),(4023,12,'Bussiness','t243',1049),(4024,12,'Bussiness','t244',1049),(4025,12,'Bussiness','t245',1049),(4026,12,'Bussiness','t246',1049),(4027,12,'Bussiness','t247',1049),(4028,12,'Bussiness','t248',1049),(4029,12,'Bussiness','t249',1049),(4030,12,'Economy','f0',1050),(4031,12,'Economy','f1',1050),(4032,12,'Economy','f2',1050),(4033,12,'Economy','f3',1050),(4034,12,'Economy','f4',1050),(4035,12,'Economy','f5',1050),(4036,12,'Economy','f6',1050),(4037,12,'Economy','f7',1050),(4038,12,'Economy','f8',1050),(4039,12,'Economy','f9',1050),(4040,12,'Economy','f10',1050),(4041,12,'Economy','f11',1050),(4042,12,'Economy','f12',1050),(4043,12,'Economy','f13',1050),(4044,12,'Economy','f14',1050),(4045,12,'Economy','f15',1050),(4046,12,'Economy','f16',1050),(4047,12,'Economy','f17',1050),(4048,12,'Economy','f18',1050),(4049,12,'Economy','f19',1050),(4050,12,'Economy','f20',1050),(4051,12,'Economy','f21',1050),(4052,12,'Economy','f22',1050),(4053,12,'Economy','f23',1050),(4054,12,'Economy','f24',1050),(4055,12,'Economy','f25',1050),(4056,12,'Economy','f26',1050),(4057,12,'Economy','f27',1050),(4058,12,'Economy','f28',1050),(4059,12,'Economy','f29',1050),(4060,12,'Economy','f30',1050),(4061,12,'Economy','f31',1050),(4062,12,'Economy','f32',1050),(4063,12,'Economy','f33',1050),(4064,12,'Economy','f34',1050),(4065,12,'Economy','f35',1050),(4066,12,'Economy','f36',1050),(4067,12,'Economy','f37',1050),(4068,12,'Economy','f38',1050),(4069,12,'Economy','f39',1050),(4070,12,'Economy','f40',1050),(4071,12,'Economy','f41',1050),(4072,12,'Economy','f42',1050),(4073,12,'Economy','f43',1050),(4074,12,'Economy','f44',1050),(4075,12,'Economy','f45',1050),(4076,12,'Economy','f46',1050),(4077,12,'Economy','f47',1050),(4078,12,'Economy','f48',1050),(4079,12,'Economy','f49',1050),(4080,12,'Economy','f50',1050),(4081,12,'Economy','f51',1050),(4082,12,'Economy','f52',1050),(4083,12,'Economy','f53',1050),(4084,12,'Economy','f54',1050),(4085,12,'Economy','f55',1050),(4086,12,'Economy','f56',1050),(4087,12,'Economy','f57',1050),(4088,12,'Economy','f58',1050),(4089,12,'Economy','f59',1050),(4090,12,'Economy','f60',1050),(4091,12,'Economy','f61',1050),(4092,12,'Economy','f62',1050),(4093,12,'Economy','f63',1050),(4094,12,'Economy','f64',1050),(4095,12,'Economy','f65',1050),(4096,12,'Economy','f66',1050),(4097,12,'Economy','f67',1050),(4098,12,'Economy','f68',1050),(4099,12,'Economy','f69',1050),(4100,12,'Economy','f70',1050),(4101,12,'Economy','f71',1050),(4102,12,'Economy','f72',1050),(4103,12,'Economy','f73',1050),(4104,12,'Economy','f74',1050),(4105,12,'Economy','f75',1050),(4106,12,'Economy','f76',1050),(4107,12,'Economy','f77',1050),(4108,12,'Economy','f78',1050),(4109,12,'Economy','f79',1050),(4110,12,'Economy','f80',1050),(4111,12,'Economy','f81',1050),(4112,12,'Economy','f82',1050),(4113,12,'Economy','f83',1050),(4114,12,'Economy','f84',1050),(4115,12,'Economy','f85',1050),(4116,12,'Economy','f86',1050),(4117,12,'Economy','f87',1050),(4118,12,'Economy','f88',1050),(4119,12,'Economy','f89',1050),(4120,12,'Economy','f90',1050),(4121,12,'Economy','f91',1050),(4122,12,'Economy','f92',1050),(4123,12,'Economy','f93',1050),(4124,12,'Economy','f94',1050),(4125,12,'Economy','f95',1050),(4126,12,'Economy','f96',1050),(4127,12,'Economy','f97',1050),(4128,12,'Economy','f98',1050),(4129,12,'Economy','f99',1050),(4130,12,'Economy','f100',1050),(4131,12,'Economy','f101',1050),(4132,12,'Economy','f102',1050),(4133,12,'Economy','f103',1050),(4134,12,'Economy','f104',1050),(4135,12,'Economy','f105',1050),(4136,12,'Economy','f106',1050),(4137,12,'Economy','f107',1050),(4138,12,'Economy','f108',1050),(4139,12,'Economy','f109',1050),(4140,12,'Economy','f110',1050),(4141,12,'Economy','f111',1050),(4142,12,'Economy','f112',1050),(4143,12,'Economy','f113',1050),(4144,12,'Economy','f114',1050),(4145,12,'Economy','f115',1050),(4146,12,'Economy','f116',1050),(4147,12,'Economy','f117',1050),(4148,12,'Economy','f118',1050),(4149,12,'Economy','f119',1050),(4150,12,'Economy','f120',1050),(4151,12,'Economy','f121',1050),(4152,12,'Economy','f122',1050),(4153,12,'Economy','f123',1050),(4154,12,'Economy','f124',1050),(4155,12,'Economy','f125',1050),(4156,12,'Economy','f126',1050),(4157,12,'Economy','f127',1050),(4158,12,'Economy','f128',1050),(4159,12,'Economy','f129',1050),(4160,12,'Economy','f130',1050),(4161,12,'Economy','f131',1050),(4162,12,'Economy','f132',1050),(4163,12,'Economy','f133',1050),(4164,12,'Economy','f134',1050),(4165,12,'Economy','f135',1050),(4166,12,'Economy','f136',1050),(4167,12,'Economy','f137',1050),(4168,12,'Economy','f138',1050),(4169,12,'Economy','f139',1050),(4170,12,'Economy','f140',1050),(4171,12,'Economy','f141',1050),(4172,12,'Economy','f142',1050),(4173,12,'Economy','f143',1050),(4174,12,'Economy','f144',1050),(4175,12,'Economy','f145',1050),(4176,12,'Economy','f146',1050),(4177,12,'Economy','f147',1050),(4178,12,'Economy','f148',1050),(4179,12,'Economy','f149',1050),(4180,12,'Economy','f150',1050),(4181,12,'Economy','f151',1050),(4182,12,'Economy','f152',1050),(4183,12,'Economy','f153',1050),(4184,12,'Economy','f154',1050),(4185,12,'Economy','f155',1050),(4186,12,'Economy','f156',1050),(4187,12,'Economy','f157',1050),(4188,12,'Economy','f158',1050),(4189,12,'Economy','f159',1050),(4190,12,'Economy','f160',1050),(4191,12,'Economy','f161',1050),(4192,12,'Economy','f162',1050),(4193,12,'Economy','f163',1050),(4194,12,'Economy','f164',1050),(4195,12,'Economy','f165',1050),(4196,12,'Economy','f166',1050),(4197,12,'Economy','f167',1050),(4198,12,'Economy','f168',1050),(4199,12,'Economy','f169',1050),(4200,12,'Economy','f170',1050),(4201,12,'Economy','f171',1050),(4202,12,'Economy','f172',1050),(4203,12,'Economy','f173',1050),(4204,12,'Economy','f174',1050),(4205,12,'Economy','f175',1050),(4206,12,'Economy','f176',1050),(4207,12,'Economy','f177',1050),(4208,12,'Economy','f178',1050),(4209,12,'Economy','f179',1050),(4210,12,'Economy','f180',1050),(4211,12,'Economy','f181',1050),(4212,12,'Economy','f182',1050),(4213,12,'Economy','f183',1050),(4214,12,'Economy','f184',1050),(4215,12,'Economy','f185',1050),(4216,12,'Economy','f186',1050),(4217,12,'Economy','f187',1050),(4218,12,'Economy','f188',1050),(4219,12,'Economy','f189',1050),(4220,12,'Economy','f190',1050),(4221,12,'Economy','f191',1050),(4222,12,'Economy','f192',1050),(4223,12,'Economy','f193',1050),(4224,12,'Economy','f194',1050),(4225,12,'Economy','f195',1050),(4226,12,'Economy','f196',1050),(4227,12,'Economy','f197',1050),(4228,12,'Economy','f198',1050),(4229,12,'Economy','f199',1050),(4230,12,'Bussiness','t200',1050),(4231,12,'Bussiness','t201',1050),(4232,12,'Bussiness','t202',1050),(4233,12,'Bussiness','t203',1050),(4234,12,'Bussiness','t204',1050),(4235,12,'Bussiness','t205',1050),(4236,12,'Bussiness','t206',1050),(4237,12,'Bussiness','t207',1050),(4238,12,'Bussiness','t208',1050),(4239,12,'Bussiness','t209',1050),(4240,12,'Bussiness','t210',1050),(4241,12,'Bussiness','t211',1050),(4242,12,'Bussiness','t212',1050),(4243,12,'Bussiness','t213',1050),(4244,12,'Bussiness','t214',1050),(4245,12,'Bussiness','t215',1050),(4246,12,'Bussiness','t216',1050),(4247,12,'Bussiness','t217',1050),(4248,12,'Bussiness','t218',1050),(4249,12,'Bussiness','t219',1050),(4250,12,'Bussiness','t220',1050),(4251,12,'Bussiness','t221',1050),(4252,12,'Bussiness','t222',1050),(4253,12,'Bussiness','t223',1050),(4254,12,'Bussiness','t224',1050),(4255,12,'Bussiness','t225',1050),(4256,12,'Bussiness','t226',1050),(4257,12,'Bussiness','t227',1050),(4258,12,'Bussiness','t228',1050),(4259,12,'Bussiness','t229',1050),(4260,12,'Bussiness','t230',1050),(4261,12,'Bussiness','t231',1050),(4262,12,'Bussiness','t232',1050),(4263,12,'Bussiness','t233',1050),(4264,12,'Bussiness','t234',1050),(4265,12,'Bussiness','t235',1050),(4266,12,'Bussiness','t236',1050),(4267,12,'Bussiness','t237',1050),(4268,12,'Bussiness','t238',1050),(4269,12,'Bussiness','t239',1050),(4270,12,'Bussiness','t240',1050),(4271,12,'Bussiness','t241',1050),(4272,12,'Bussiness','t242',1050),(4273,12,'Bussiness','t243',1050),(4274,12,'Bussiness','t244',1050),(4275,12,'Bussiness','t245',1050),(4276,12,'Bussiness','t246',1050),(4277,12,'Bussiness','t247',1050),(4278,12,'Bussiness','t248',1050),(4279,12,'Bussiness','t249',1050),(4280,12,'Economy','f0',1051),(4281,12,'Economy','f1',1051),(4282,12,'Economy','f2',1051),(4283,12,'Economy','f3',1051),(4284,12,'Economy','f4',1051),(4285,12,'Economy','f5',1051),(4286,12,'Economy','f6',1051),(4287,12,'Economy','f7',1051),(4288,12,'Economy','f8',1051),(4289,12,'Economy','f9',1051),(4290,12,'Economy','f10',1051),(4291,12,'Economy','f11',1051),(4292,12,'Economy','f12',1051),(4293,12,'Economy','f13',1051),(4294,12,'Economy','f14',1051),(4295,12,'Economy','f15',1051),(4296,12,'Economy','f16',1051),(4297,12,'Economy','f17',1051),(4298,12,'Economy','f18',1051),(4299,12,'Economy','f19',1051),(4300,12,'Economy','f20',1051),(4301,12,'Economy','f21',1051),(4302,12,'Economy','f22',1051),(4303,12,'Economy','f23',1051),(4304,12,'Economy','f24',1051),(4305,12,'Economy','f25',1051),(4306,12,'Economy','f26',1051),(4307,12,'Economy','f27',1051),(4308,12,'Economy','f28',1051),(4309,12,'Economy','f29',1051),(4310,12,'Economy','f30',1051),(4311,12,'Economy','f31',1051),(4312,12,'Economy','f32',1051),(4313,12,'Economy','f33',1051),(4314,12,'Economy','f34',1051),(4315,12,'Economy','f35',1051),(4316,12,'Economy','f36',1051),(4317,12,'Economy','f37',1051),(4318,12,'Economy','f38',1051),(4319,12,'Economy','f39',1051),(4320,12,'Economy','f40',1051),(4321,12,'Economy','f41',1051),(4322,12,'Economy','f42',1051),(4323,12,'Economy','f43',1051),(4324,12,'Economy','f44',1051),(4325,12,'Economy','f45',1051),(4326,12,'Economy','f46',1051),(4327,12,'Economy','f47',1051),(4328,12,'Economy','f48',1051),(4329,12,'Economy','f49',1051),(4330,12,'Economy','f50',1051),(4331,12,'Economy','f51',1051),(4332,12,'Economy','f52',1051),(4333,12,'Economy','f53',1051),(4334,12,'Economy','f54',1051),(4335,12,'Economy','f55',1051),(4336,12,'Economy','f56',1051),(4337,12,'Economy','f57',1051),(4338,12,'Economy','f58',1051),(4339,12,'Economy','f59',1051),(4340,12,'Economy','f60',1051),(4341,12,'Economy','f61',1051),(4342,12,'Economy','f62',1051),(4343,12,'Economy','f63',1051),(4344,12,'Economy','f64',1051),(4345,12,'Economy','f65',1051),(4346,12,'Economy','f66',1051),(4347,12,'Economy','f67',1051),(4348,12,'Economy','f68',1051),(4349,12,'Economy','f69',1051),(4350,12,'Economy','f70',1051),(4351,12,'Economy','f71',1051),(4352,12,'Economy','f72',1051),(4353,12,'Economy','f73',1051),(4354,12,'Economy','f74',1051),(4355,12,'Economy','f75',1051),(4356,12,'Economy','f76',1051),(4357,12,'Economy','f77',1051),(4358,12,'Economy','f78',1051),(4359,12,'Economy','f79',1051),(4360,12,'Economy','f80',1051),(4361,12,'Economy','f81',1051),(4362,12,'Economy','f82',1051),(4363,12,'Economy','f83',1051),(4364,12,'Economy','f84',1051),(4365,12,'Economy','f85',1051),(4366,12,'Economy','f86',1051),(4367,12,'Economy','f87',1051),(4368,12,'Economy','f88',1051),(4369,12,'Economy','f89',1051),(4370,12,'Economy','f90',1051),(4371,12,'Economy','f91',1051),(4372,12,'Economy','f92',1051),(4373,12,'Economy','f93',1051),(4374,12,'Economy','f94',1051),(4375,12,'Economy','f95',1051),(4376,12,'Economy','f96',1051),(4377,12,'Economy','f97',1051),(4378,12,'Economy','f98',1051),(4379,12,'Economy','f99',1051),(4380,12,'Economy','f100',1051),(4381,12,'Economy','f101',1051),(4382,12,'Economy','f102',1051),(4383,12,'Economy','f103',1051),(4384,12,'Economy','f104',1051),(4385,12,'Economy','f105',1051),(4386,12,'Economy','f106',1051),(4387,12,'Economy','f107',1051),(4388,12,'Economy','f108',1051),(4389,12,'Economy','f109',1051),(4390,12,'Economy','f110',1051),(4391,12,'Economy','f111',1051),(4392,12,'Economy','f112',1051),(4393,12,'Economy','f113',1051),(4394,12,'Economy','f114',1051),(4395,12,'Economy','f115',1051),(4396,12,'Economy','f116',1051),(4397,12,'Economy','f117',1051),(4398,12,'Economy','f118',1051),(4399,12,'Economy','f119',1051),(4400,12,'Economy','f120',1051),(4401,12,'Economy','f121',1051),(4402,12,'Economy','f122',1051),(4403,12,'Economy','f123',1051),(4404,12,'Economy','f124',1051),(4405,12,'Economy','f125',1051),(4406,12,'Economy','f126',1051),(4407,12,'Economy','f127',1051),(4408,12,'Economy','f128',1051),(4409,12,'Economy','f129',1051),(4410,12,'Economy','f130',1051),(4411,12,'Economy','f131',1051),(4412,12,'Economy','f132',1051),(4413,12,'Economy','f133',1051),(4414,12,'Economy','f134',1051),(4415,12,'Economy','f135',1051),(4416,12,'Economy','f136',1051),(4417,12,'Economy','f137',1051),(4418,12,'Economy','f138',1051),(4419,12,'Economy','f139',1051),(4420,12,'Economy','f140',1051),(4421,12,'Economy','f141',1051),(4422,12,'Economy','f142',1051),(4423,12,'Economy','f143',1051),(4424,12,'Economy','f144',1051),(4425,12,'Economy','f145',1051),(4426,12,'Economy','f146',1051),(4427,12,'Economy','f147',1051),(4428,12,'Economy','f148',1051),(4429,12,'Economy','f149',1051),(4430,12,'Economy','f150',1051),(4431,12,'Economy','f151',1051),(4432,12,'Economy','f152',1051),(4433,12,'Economy','f153',1051),(4434,12,'Economy','f154',1051),(4435,12,'Economy','f155',1051),(4436,12,'Economy','f156',1051),(4437,12,'Economy','f157',1051),(4438,12,'Economy','f158',1051),(4439,12,'Economy','f159',1051),(4440,12,'Economy','f160',1051),(4441,12,'Economy','f161',1051),(4442,12,'Economy','f162',1051),(4443,12,'Economy','f163',1051),(4444,12,'Economy','f164',1051),(4445,12,'Economy','f165',1051),(4446,12,'Economy','f166',1051),(4447,12,'Economy','f167',1051),(4448,12,'Economy','f168',1051),(4449,12,'Economy','f169',1051),(4450,12,'Economy','f170',1051),(4451,12,'Economy','f171',1051),(4452,12,'Economy','f172',1051),(4453,12,'Economy','f173',1051),(4454,12,'Economy','f174',1051),(4455,12,'Economy','f175',1051),(4456,12,'Economy','f176',1051),(4457,12,'Economy','f177',1051),(4458,12,'Economy','f178',1051),(4459,12,'Economy','f179',1051),(4460,12,'Economy','f180',1051),(4461,12,'Economy','f181',1051),(4462,12,'Economy','f182',1051),(4463,12,'Economy','f183',1051),(4464,12,'Economy','f184',1051),(4465,12,'Economy','f185',1051),(4466,12,'Economy','f186',1051),(4467,12,'Economy','f187',1051),(4468,12,'Economy','f188',1051),(4469,12,'Economy','f189',1051),(4470,12,'Economy','f190',1051),(4471,12,'Economy','f191',1051),(4472,12,'Economy','f192',1051),(4473,12,'Economy','f193',1051),(4474,12,'Economy','f194',1051),(4475,12,'Economy','f195',1051),(4476,12,'Economy','f196',1051),(4477,12,'Economy','f197',1051),(4478,12,'Economy','f198',1051),(4479,12,'Economy','f199',1051),(4480,12,'Bussiness','t200',1051),(4481,12,'Bussiness','t201',1051),(4482,12,'Bussiness','t202',1051),(4483,12,'Bussiness','t203',1051),(4484,12,'Bussiness','t204',1051),(4485,12,'Bussiness','t205',1051),(4486,12,'Bussiness','t206',1051),(4487,12,'Bussiness','t207',1051),(4488,12,'Bussiness','t208',1051),(4489,12,'Bussiness','t209',1051),(4490,12,'Bussiness','t210',1051),(4491,12,'Bussiness','t211',1051),(4492,12,'Bussiness','t212',1051),(4493,12,'Bussiness','t213',1051),(4494,12,'Bussiness','t214',1051),(4495,12,'Bussiness','t215',1051),(4496,12,'Bussiness','t216',1051),(4497,12,'Bussiness','t217',1051),(4498,12,'Bussiness','t218',1051),(4499,12,'Bussiness','t219',1051),(4500,12,'Bussiness','t220',1051),(4501,12,'Bussiness','t221',1051),(4502,12,'Bussiness','t222',1051),(4503,12,'Bussiness','t223',1051),(4504,12,'Bussiness','t224',1051),(4505,12,'Bussiness','t225',1051),(4506,12,'Bussiness','t226',1051),(4507,12,'Bussiness','t227',1051),(4508,12,'Bussiness','t228',1051),(4509,12,'Bussiness','t229',1051),(4510,12,'Bussiness','t230',1051),(4511,12,'Bussiness','t231',1051),(4512,12,'Bussiness','t232',1051),(4513,12,'Bussiness','t233',1051),(4514,12,'Bussiness','t234',1051),(4515,12,'Bussiness','t235',1051),(4516,12,'Bussiness','t236',1051),(4517,12,'Bussiness','t237',1051),(4518,12,'Bussiness','t238',1051),(4519,12,'Bussiness','t239',1051),(4520,12,'Bussiness','t240',1051),(4521,12,'Bussiness','t241',1051),(4522,12,'Bussiness','t242',1051),(4523,12,'Bussiness','t243',1051),(4524,12,'Bussiness','t244',1051),(4525,12,'Bussiness','t245',1051),(4526,12,'Bussiness','t246',1051),(4527,12,'Bussiness','t247',1051),(4528,12,'Bussiness','t248',1051),(4529,12,'Bussiness','t249',1051),(4530,12,'Economy','f0',1052),(4531,12,'Economy','f1',1052),(4532,12,'Economy','f2',1052),(4533,12,'Economy','f3',1052),(4534,12,'Economy','f4',1052),(4535,12,'Economy','f5',1052),(4536,12,'Economy','f6',1052),(4537,12,'Economy','f7',1052),(4538,12,'Economy','f8',1052),(4539,12,'Economy','f9',1052),(4540,12,'Economy','f10',1052),(4541,12,'Economy','f11',1052),(4542,12,'Economy','f12',1052),(4543,12,'Economy','f13',1052),(4544,12,'Economy','f14',1052),(4545,12,'Economy','f15',1052),(4546,12,'Economy','f16',1052),(4547,12,'Economy','f17',1052),(4548,12,'Economy','f18',1052),(4549,12,'Economy','f19',1052),(4550,12,'Economy','f20',1052),(4551,12,'Economy','f21',1052),(4552,12,'Economy','f22',1052),(4553,12,'Economy','f23',1052),(4554,12,'Economy','f24',1052),(4555,12,'Economy','f25',1052),(4556,12,'Economy','f26',1052),(4557,12,'Economy','f27',1052),(4558,12,'Economy','f28',1052),(4559,12,'Economy','f29',1052),(4560,12,'Economy','f30',1052),(4561,12,'Economy','f31',1052),(4562,12,'Economy','f32',1052),(4563,12,'Economy','f33',1052),(4564,12,'Economy','f34',1052),(4565,12,'Economy','f35',1052),(4566,12,'Economy','f36',1052),(4567,12,'Economy','f37',1052),(4568,12,'Economy','f38',1052),(4569,12,'Economy','f39',1052),(4570,12,'Economy','f40',1052),(4571,12,'Economy','f41',1052),(4572,12,'Economy','f42',1052),(4573,12,'Economy','f43',1052),(4574,12,'Economy','f44',1052),(4575,12,'Economy','f45',1052),(4576,12,'Economy','f46',1052),(4577,12,'Economy','f47',1052),(4578,12,'Economy','f48',1052),(4579,12,'Economy','f49',1052),(4580,12,'Economy','f50',1052),(4581,12,'Economy','f51',1052),(4582,12,'Economy','f52',1052),(4583,12,'Economy','f53',1052),(4584,12,'Economy','f54',1052),(4585,12,'Economy','f55',1052),(4586,12,'Economy','f56',1052),(4587,12,'Economy','f57',1052),(4588,12,'Economy','f58',1052),(4589,12,'Economy','f59',1052),(4590,12,'Economy','f60',1052),(4591,12,'Economy','f61',1052),(4592,12,'Economy','f62',1052),(4593,12,'Economy','f63',1052),(4594,12,'Economy','f64',1052),(4595,12,'Economy','f65',1052),(4596,12,'Economy','f66',1052),(4597,12,'Economy','f67',1052),(4598,12,'Economy','f68',1052),(4599,12,'Economy','f69',1052),(4600,12,'Economy','f70',1052),(4601,12,'Economy','f71',1052),(4602,12,'Economy','f72',1052),(4603,12,'Economy','f73',1052),(4604,12,'Economy','f74',1052),(4605,12,'Economy','f75',1052),(4606,12,'Economy','f76',1052),(4607,12,'Economy','f77',1052),(4608,12,'Economy','f78',1052),(4609,12,'Economy','f79',1052),(4610,12,'Economy','f80',1052),(4611,12,'Economy','f81',1052),(4612,12,'Economy','f82',1052),(4613,12,'Economy','f83',1052),(4614,12,'Economy','f84',1052),(4615,12,'Economy','f85',1052),(4616,12,'Economy','f86',1052),(4617,12,'Economy','f87',1052),(4618,12,'Economy','f88',1052),(4619,12,'Economy','f89',1052),(4620,12,'Economy','f90',1052),(4621,12,'Economy','f91',1052),(4622,12,'Economy','f92',1052),(4623,12,'Economy','f93',1052),(4624,12,'Economy','f94',1052),(4625,12,'Economy','f95',1052),(4626,12,'Economy','f96',1052),(4627,12,'Economy','f97',1052),(4628,12,'Economy','f98',1052),(4629,12,'Economy','f99',1052),(4630,12,'Economy','f100',1052),(4631,12,'Economy','f101',1052),(4632,12,'Economy','f102',1052),(4633,12,'Economy','f103',1052),(4634,12,'Economy','f104',1052),(4635,12,'Economy','f105',1052),(4636,12,'Economy','f106',1052),(4637,12,'Economy','f107',1052),(4638,12,'Economy','f108',1052),(4639,12,'Economy','f109',1052),(4640,12,'Economy','f110',1052),(4641,12,'Economy','f111',1052),(4642,12,'Economy','f112',1052),(4643,12,'Economy','f113',1052),(4644,12,'Economy','f114',1052),(4645,12,'Economy','f115',1052),(4646,12,'Economy','f116',1052),(4647,12,'Economy','f117',1052),(4648,12,'Economy','f118',1052),(4649,12,'Economy','f119',1052),(4650,12,'Economy','f120',1052),(4651,12,'Economy','f121',1052),(4652,12,'Economy','f122',1052),(4653,12,'Economy','f123',1052),(4654,12,'Economy','f124',1052),(4655,12,'Economy','f125',1052),(4656,12,'Economy','f126',1052),(4657,12,'Economy','f127',1052),(4658,12,'Economy','f128',1052),(4659,12,'Economy','f129',1052),(4660,12,'Economy','f130',1052),(4661,12,'Economy','f131',1052),(4662,12,'Economy','f132',1052),(4663,12,'Economy','f133',1052),(4664,12,'Economy','f134',1052),(4665,12,'Economy','f135',1052),(4666,12,'Economy','f136',1052),(4667,12,'Economy','f137',1052),(4668,12,'Economy','f138',1052),(4669,12,'Economy','f139',1052),(4670,12,'Economy','f140',1052),(4671,12,'Economy','f141',1052),(4672,12,'Economy','f142',1052),(4673,12,'Economy','f143',1052),(4674,12,'Economy','f144',1052),(4675,12,'Economy','f145',1052),(4676,12,'Economy','f146',1052),(4677,12,'Economy','f147',1052),(4678,12,'Economy','f148',1052),(4679,12,'Economy','f149',1052),(4680,12,'Economy','f150',1052),(4681,12,'Economy','f151',1052),(4682,12,'Economy','f152',1052),(4683,12,'Economy','f153',1052),(4684,12,'Economy','f154',1052),(4685,12,'Economy','f155',1052),(4686,12,'Economy','f156',1052),(4687,12,'Economy','f157',1052),(4688,12,'Economy','f158',1052),(4689,12,'Economy','f159',1052),(4690,12,'Economy','f160',1052),(4691,12,'Economy','f161',1052),(4692,12,'Economy','f162',1052),(4693,12,'Economy','f163',1052),(4694,12,'Economy','f164',1052),(4695,12,'Economy','f165',1052),(4696,12,'Economy','f166',1052),(4697,12,'Economy','f167',1052),(4698,12,'Economy','f168',1052),(4699,12,'Economy','f169',1052),(4700,12,'Economy','f170',1052),(4701,12,'Economy','f171',1052),(4702,12,'Economy','f172',1052),(4703,12,'Economy','f173',1052),(4704,12,'Economy','f174',1052),(4705,12,'Economy','f175',1052),(4706,12,'Economy','f176',1052),(4707,12,'Economy','f177',1052),(4708,12,'Economy','f178',1052),(4709,12,'Economy','f179',1052),(4710,12,'Economy','f180',1052),(4711,12,'Economy','f181',1052),(4712,12,'Economy','f182',1052),(4713,12,'Economy','f183',1052),(4714,12,'Economy','f184',1052),(4715,12,'Economy','f185',1052),(4716,12,'Economy','f186',1052),(4717,12,'Economy','f187',1052),(4718,12,'Economy','f188',1052),(4719,12,'Economy','f189',1052),(4720,12,'Economy','f190',1052),(4721,12,'Economy','f191',1052),(4722,12,'Economy','f192',1052),(4723,12,'Economy','f193',1052),(4724,12,'Economy','f194',1052),(4725,12,'Economy','f195',1052),(4726,12,'Economy','f196',1052),(4727,12,'Economy','f197',1052),(4728,12,'Economy','f198',1052),(4729,12,'Economy','f199',1052),(4730,12,'Bussiness','t200',1052),(4731,12,'Bussiness','t201',1052),(4732,12,'Bussiness','t202',1052),(4733,12,'Bussiness','t203',1052),(4734,12,'Bussiness','t204',1052),(4735,12,'Bussiness','t205',1052),(4736,12,'Bussiness','t206',1052),(4737,12,'Bussiness','t207',1052),(4738,12,'Bussiness','t208',1052),(4739,12,'Bussiness','t209',1052),(4740,12,'Bussiness','t210',1052),(4741,12,'Bussiness','t211',1052),(4742,12,'Bussiness','t212',1052),(4743,12,'Bussiness','t213',1052),(4744,12,'Bussiness','t214',1052),(4745,12,'Bussiness','t215',1052),(4746,12,'Bussiness','t216',1052),(4747,12,'Bussiness','t217',1052),(4748,12,'Bussiness','t218',1052),(4749,12,'Bussiness','t219',1052),(4750,12,'Bussiness','t220',1052),(4751,12,'Bussiness','t221',1052),(4752,12,'Bussiness','t222',1052),(4753,12,'Bussiness','t223',1052),(4754,12,'Bussiness','t224',1052),(4755,12,'Bussiness','t225',1052),(4756,12,'Bussiness','t226',1052),(4757,12,'Bussiness','t227',1052),(4758,12,'Bussiness','t228',1052),(4759,12,'Bussiness','t229',1052),(4760,12,'Bussiness','t230',1052),(4761,12,'Bussiness','t231',1052),(4762,12,'Bussiness','t232',1052),(4763,12,'Bussiness','t233',1052),(4764,12,'Bussiness','t234',1052),(4765,12,'Bussiness','t235',1052),(4766,12,'Bussiness','t236',1052),(4767,12,'Bussiness','t237',1052),(4768,12,'Bussiness','t238',1052),(4769,12,'Bussiness','t239',1052),(4770,12,'Bussiness','t240',1052),(4771,12,'Bussiness','t241',1052),(4772,12,'Bussiness','t242',1052),(4773,12,'Bussiness','t243',1052),(4774,12,'Bussiness','t244',1052),(4775,12,'Bussiness','t245',1052),(4776,12,'Bussiness','t246',1052),(4777,12,'Bussiness','t247',1052),(4778,12,'Bussiness','t248',1052),(4779,12,'Bussiness','t249',1052);
/*!40000 ALTER TABLE `ticket` ENABLE KEYS */;
UNLOCK TABLES;

--
-- Table structure for table `users`
--

DROP TABLE IF EXISTS `users`;
/*!40101 SET @saved_cs_client     = @@character_set_client */;
/*!50503 SET character_set_client = utf8mb4 */;
CREATE TABLE `users` (
  `user_id` int unsigned NOT NULL AUTO_INCREMENT,
  `family_name` varchar(25) NOT NULL,
  `given_name` varchar(25) NOT NULL,
  `phone_number` varchar(25) NOT NULL,
  `email` varchar(25) NOT NULL,
  `password` varchar(25) DEFAULT NULL,
  `role` int DEFAULT NULL,
  PRIMARY KEY (`user_id`)
) ENGINE=InnoDB AUTO_INCREMENT=1016 DEFAULT CHARSET=utf8mb4 COLLATE=utf8mb4_0900_ai_ci;
/*!40101 SET character_set_client = @saved_cs_client */;

--
-- Dumping data for table `users`
--

LOCK TABLES `users` WRITE;
/*!40000 ALTER TABLE `users` DISABLE KEYS */;
INSERT INTO `users` VALUES (1004,'tien1245','nguyen','124235','bhfaudsfgur@gmail.com',NULL,NULL),(1005,'mahh','tho','asghdsug','cxvgbr@gmail.com',NULL,NULL),(1006,'hi','he','adfd','adfsdf',NULL,NULL),(1007,'dsf','dsf','sfd','sfd',NULL,NULL),(1008,'sdfdsd','sdfsdf','sdfsdfsd','sdfsdfsd',NULL,NULL),(1010,'dddd','ddd','ddddd','ssssssssss',NULL,NULL),(1011,'Thu ','Thuy','0329883682','thuthuyy.242@gmail.com','Thuy2000',1),(1013,'Thu','Thuy','0214685252','daothuyy.242@gmail.com','Thuy2000',1),(1014,'Nguyen','Ha','0124782154','1801040217@s.hanu.edu.vn','24022000',1),(1015,'Nguyen','Van Hai','0235478142','Nguyenhai@gmail.com','123456',1);
/*!40000 ALTER TABLE `users` ENABLE KEYS */;
UNLOCK TABLES;
/*!40103 SET TIME_ZONE=@OLD_TIME_ZONE */;

/*!40101 SET SQL_MODE=@OLD_SQL_MODE */;
/*!40014 SET FOREIGN_KEY_CHECKS=@OLD_FOREIGN_KEY_CHECKS */;
/*!40014 SET UNIQUE_CHECKS=@OLD_UNIQUE_CHECKS */;
/*!40101 SET CHARACTER_SET_CLIENT=@OLD_CHARACTER_SET_CLIENT */;
/*!40101 SET CHARACTER_SET_RESULTS=@OLD_CHARACTER_SET_RESULTS */;
/*!40101 SET COLLATION_CONNECTION=@OLD_COLLATION_CONNECTION */;
/*!40111 SET SQL_NOTES=@OLD_SQL_NOTES */;

-- Dump completed on 2021-05-09 18:24:56
